,customer_id,date,transaction_amount,plan_type,churn,issuing_date
0,CUST_1,2023-01-01,193.524658235208,Basic,0,2021-03-01
1,CUST_1,2023-02-01,303.342657256548,Standard,0,2021-03-01
2,CUST_1,2023-03-01,38.46096996241769,Standard,0,2021-03-01
3,CUST_1,2023-04-01,356.955563120062,Premium,0,2021-03-01
4,CUST_1,2023-05-01,417.896893992207,Standard,0,2021-03-01
5,CUST_1,2023-06-01,,Premium,0,2021-03-01
6,CUST_1,2023-07-01,221.653059134637,Standard,0,2021-03-01
7,CUST_1,2023-08-01,78.3519917195005,Standard,0,2021-03-01
8,CUST_1,2023-09-01,233.474292266348,Premium,0,2021-03-01
9,CUST_1,2023-10-01,261.97487482267,Standard,1,2021-03-01
10,CUST_1,2023-11-01,307.696977431705,Basic,1,2021-03-01
11,CUST_1,2023-12-01,41.875280562787,Basic,1,2021-03-01
12,CUST_2,2023-01-01,483.159696206534,Premium,0,2018-03-01
13,CUST_2,2023-02-01,57.859335863128095,Standard,0,2018-03-01
14,CUST_2,2023-03-01,69.7987350739416,Premium,1,2018-03-01
15,CUST_2,2023-04-01,455.566997018603,Premium,1,2018-03-01
16,CUST_2,2023-05-01,334.635919333451,Premium,1,2018-03-01
17,CUST_2,2023-06-01,264.833330377127,Premium,1,2018-03-01
18,CUST_2,2023-07-01,100.578683207508,Basic,1,2018-03-01
19,CUST_2,2023-08-01,389.815083446946,Standard,1,2018-03-01
20,CUST_2,2023-09-01,448.465401709548,Premium,1,2018-03-01
21,CUST_2,2023-10-01,461.7183751613271,Basic,1,2018-03-01
22,CUST_2,2023-11-01,106.031602585381,Basic,1,2018-03-01
23,CUST_2,2023-12-01,169.411862074,Premium,1,2018-03-01
24,CUST_3,2023-01-01,142.961025569209,Standard,0,2020-09-01
25,CUST_3,2023-02-01,147.657909746817,Premium,0,2020-09-01
26,CUST_3,2023-03-01,403.07652056947904,Basic,0,2020-09-01
27,CUST_3,2023-04-01,388.399936955362,Basic,1,2020-09-01
28,CUST_3,2023-05-01,409.576099942869,Basic,1,2020-09-01
29,CUST_3,2023-06-01,367.213512340084,Premium,1,2020-09-01
30,CUST_3,2023-07-01,46.28187934970431,Basic,1,2020-09-01
31,CUST_3,2023-08-01,66.7758391673136,Premium,1,2020-09-01
32,CUST_3,2023-09-01,315.416082145503,Basic,1,2020-09-01
33,CUST_3,2023-10-01,41.1435916401516,Basic,1,2020-09-01
34,CUST_3,2023-11-01,169.339827793106,Basic,1,2020-09-01
35,CUST_3,2023-12-01,322.403160964054,Standard,1,2020-09-01
36,CUST_4,2023-01-01,241.385313329355,Standard,0,2021-03-01
37,CUST_4,2023-02-01,382.78467382228,Premium,0,2021-03-01
38,CUST_4,2023-03-01,251.959842218551,Standard,0,2021-03-01
39,CUST_4,2023-04-01,22.4553721046066,Basic,1,2021-03-01
40,CUST_4,2023-05-01,321.841101519252,Premium,1,2021-03-01
41,CUST_4,2023-06-01,259.199638670704,Basic,1,2021-03-01
42,CUST_4,2023-07-01,132.153192282949,Basic,1,2021-03-01
43,CUST_4,2023-08-01,380.220057886094,Premium,1,2021-03-01
44,CUST_4,2023-09-01,47.7201558161086,Basic,1,2021-03-01
45,CUST_4,2023-10-01,88.9984307544622,Basic,1,2021-03-01
46,CUST_4,2023-11-01,405.978985986564,Premium,1,2021-03-01
47,CUST_4,2023-12-01,437.015689191982,Basic,1,2021-03-01
48,CUST_5,2023-01-01,101.419328854158,Basic,0,2018-07-01
49,CUST_5,2023-02-01,405.64567603039103,Standard,0,2018-07-01
50,CUST_5,2023-03-01,63.9254430185616,Premium,0,2018-07-01
51,CUST_5,2023-04-01,410.827235302022,Basic,1,2018-07-01
52,CUST_5,2023-05-01,260.266178263007,Standard,1,2018-07-01
53,CUST_5,2023-06-01,118.832827130658,Basic,1,2018-07-01
54,CUST_5,2023-07-01,175.431433987778,Basic,1,2018-07-01
55,CUST_5,2023-08-01,168.36943669017,Basic,1,2018-07-01
56,CUST_5,2023-09-01,354.479289858637,Standard,1,2018-07-01
57,CUST_5,2023-10-01,486.17322053327104,Premium,1,2018-07-01
58,CUST_5,2023-11-01,133.373324954428,Basic,1,2018-07-01
59,CUST_5,2023-12-01,157.430371810217,Premium,1,2018-07-01
60,CUST_6,2023-01-01,28.0746042037211,Basic,0,2018-06-01
61,CUST_6,2023-02-01,35.2245881124948,Basic,0,2018-06-01
62,CUST_6,2023-03-01,127.385326426816,Basic,0,2018-06-01
63,CUST_6,2023-04-01,492.968722514194,Basic,0,2018-06-01
64,CUST_6,2023-05-01,383.193611511072,Standard,0,2018-06-01
65,CUST_6,2023-06-01,190.213735032434,Basic,0,2018-06-01
66,CUST_6,2023-07-01,272.529595196632,Standard,0,2018-06-01
67,CUST_6,2023-08-01,167.182231836151,Standard,1,2018-06-01
68,CUST_6,2023-09-01,299.537542162239,Premium,1,2018-06-01
69,CUST_6,2023-10-01,18.1280361746495,Premium,1,2018-06-01
70,CUST_6,2023-11-01,120.98292984699,Standard,1,2018-06-01
71,CUST_6,2023-12-01,95.4395502124458,Premium,1,2018-06-01
72,CUST_7,2023-01-01,199.500319687263,Standard,0,2020-10-01
73,CUST_7,2023-02-01,177.122512014627,Basic,0,2020-10-01
74,CUST_7,2023-03-01,439.896283156681,Premium,0,2020-10-01
75,CUST_7,2023-04-01,410.438878098596,Basic,0,2020-10-01
76,CUST_7,2023-05-01,128.507622541221,Standard,0,2020-10-01
77,CUST_7,2023-06-01,451.204848010032,Premium,0,2020-10-01
78,CUST_7,2023-07-01,181.112691560204,Standard,0,2020-10-01
79,CUST_7,2023-08-01,444.672347889908,Basic,0,2020-10-01
80,CUST_7,2023-09-01,51.228582847573904,Standard,0,2020-10-01
81,CUST_7,2023-10-01,307.150239233199,Premium,0,2020-10-01
82,CUST_7,2023-11-01,335.115866862947,Basic,0,2020-10-01
83,CUST_7,2023-12-01,278.879556789627,Standard,0,2020-10-01
84,CUST_8,2023-01-01,119.891961635674,Standard,0,2021-12-01
85,CUST_8,2023-02-01,169.445852098041,Standard,0,2021-12-01
86,CUST_8,2023-03-01,426.119471142147,Premium,0,2021-12-01
87,CUST_8,2023-04-01,55.9006362357653,Standard,0,2021-12-01
88,CUST_8,2023-05-01,129.554925255751,Standard,0,2021-12-01
89,CUST_8,2023-06-01,447.102812036786,Basic,0,2021-12-01
90,CUST_8,2023-07-01,256.292175621544,Standard,0,2021-12-01
91,CUST_8,2023-08-01,105.669064021042,Basic,0,2021-12-01
92,CUST_8,2023-09-01,21.9148235514124,Standard,0,2021-12-01
93,CUST_8,2023-10-01,470.824706332928,Premium,0,2021-12-01
94,CUST_8,2023-11-01,191.377763125168,Premium,0,2021-12-01
95,CUST_8,2023-12-01,219.810232675484,Basic,0,2021-12-01
96,CUST_9,2023-01-01,427.974633179006,Standard,0,2018-05-01
97,CUST_9,2023-02-01,427.05696904326,Standard,0,2018-05-01
98,CUST_9,2023-03-01,282.832618604592,Basic,0,2018-05-01
99,CUST_9,2023-04-01,289.329973343789,Premium,0,2018-05-01
100,CUST_9,2023-05-01,495.126386551089,Basic,0,2018-05-01
101,CUST_9,2023-06-01,439.912805244698,Premium,0,2018-05-01
102,CUST_9,2023-07-01,354.217201153684,Standard,0,2018-05-01
103,CUST_9,2023-08-01,406.586966184472,Premium,0,2018-05-01
104,CUST_9,2023-09-01,457.487870752671,Basic,0,2018-05-01
105,CUST_9,2023-10-01,401.16463769372,Basic,0,2018-05-01
106,CUST_9,2023-11-01,399.93840802369,Standard,0,2018-05-01
107,CUST_9,2023-12-01,194.035646793573,Premium,0,2018-05-01
108,CUST_10,2023-01-01,27.6117141604036,Basic,0,2022-08-01
109,CUST_10,2023-02-01,150.405213542859,Standard,1,2022-08-01
110,CUST_10,2023-03-01,28.3006124871151,Basic,1,2022-08-01
111,CUST_10,2023-04-01,186.493414291519,Basic,1,2022-08-01
112,CUST_10,2023-05-01,265.899197426854,Premium,1,2022-08-01
113,CUST_10,2023-06-01,115.752303473453,Standard,1,2022-08-01
114,CUST_10,2023-07-01,51.8202578469463,Premium,1,2022-08-01
115,CUST_10,2023-08-01,270.363769468393,Premium,1,2022-08-01
116,CUST_10,2023-09-01,322.340651734121,Standard,1,2022-08-01
117,CUST_10,2023-10-01,488.167518936642,Standard,1,2022-08-01
118,CUST_10,2023-11-01,168.248671741211,Basic,1,2022-08-01
119,CUST_10,2023-12-01,142.707803118416,Standard,1,2022-08-01
120,CUST_11,2023-01-01,48.4436268577103,Basic,0,2023-01-01
121,CUST_11,2023-02-01,419.63025905098095,Premium,0,2023-01-01
122,CUST_11,2023-03-01,94.9142168347144,Premium,0,2023-01-01
123,CUST_11,2023-04-01,279.121065705999,Standard,0,2023-01-01
124,CUST_11,2023-05-01,147.167609503512,Standard,0,2023-01-01
125,CUST_11,2023-06-01,281.633485730586,Standard,0,2023-01-01
126,CUST_11,2023-07-01,131.388184855567,Premium,0,2023-01-01
127,CUST_11,2023-08-01,17.0528094285804,Basic,1,2023-01-01
128,CUST_11,2023-09-01,29.9571131362954,Standard,1,2023-01-01
129,CUST_11,2023-10-01,354.792351096212,Basic,1,2023-01-01
130,CUST_11,2023-11-01,57.9387387189907,Premium,1,2023-01-01
131,CUST_11,2023-12-01,242.001167682477,Basic,1,2023-01-01
132,CUST_12,2023-01-01,222.587308126607,Premium,0,2020-03-01
133,CUST_12,2023-02-01,321.195888925146,Standard,0,2020-03-01
134,CUST_12,2023-03-01,316.671358699976,Basic,0,2020-03-01
135,CUST_12,2023-04-01,332.759879493283,Standard,0,2020-03-01
136,CUST_12,2023-05-01,324.785446321095,Standard,0,2020-03-01
137,CUST_12,2023-06-01,470.712818298229,Premium,0,2020-03-01
138,CUST_12,2023-07-01,325.211227036753,Premium,0,2020-03-01
139,CUST_12,2023-08-01,471.317756300497,Premium,0,2020-03-01
140,CUST_12,2023-09-01,453.621814558471,Standard,0,2020-03-01
141,CUST_12,2023-10-01,59.3812206749391,Premium,0,2020-03-01
142,CUST_12,2023-11-01,344.673318974015,Premium,0,2020-03-01
143,CUST_12,2023-12-01,423.988902375033,Basic,0,2020-03-01
144,CUST_13,2023-01-01,148.108839638966,Standard,0,2020-12-01
145,CUST_13,2023-02-01,318.181994922143,Basic,0,2020-12-01
146,CUST_13,2023-03-01,403.705655888576,Standard,0,2020-12-01
147,CUST_13,2023-04-01,377.801228304021,Premium,0,2020-12-01
148,CUST_13,2023-05-01,212.182661686599,Basic,0,2020-12-01
149,CUST_13,2023-06-01,176.993734723979,Premium,0,2020-12-01
150,CUST_13,2023-07-01,220.207073413759,Premium,0,2020-12-01
151,CUST_13,2023-08-01,60.530695729607,Premium,0,2020-12-01
152,CUST_13,2023-09-01,414.964158392793,Premium,0,2020-12-01
153,CUST_13,2023-10-01,200.70882257974,Basic,0,2020-12-01
154,CUST_13,2023-11-01,54.7304716252054,Premium,0,2020-12-01
155,CUST_13,2023-12-01,475.797501999402,Standard,0,2020-12-01
156,CUST_14,2023-01-01,229.738305769377,Premium,0,2021-01-01
157,CUST_14,2023-02-01,339.534043477749,Basic,0,2021-01-01
158,CUST_14,2023-03-01,396.912889969331,Basic,0,2021-01-01
159,CUST_14,2023-04-01,38.2037924081557,Standard,0,2021-01-01
160,CUST_14,2023-05-01,444.975049551567,Standard,0,2021-01-01
161,CUST_14,2023-06-01,80.0659242058896,Standard,0,2021-01-01
162,CUST_14,2023-07-01,59.5501113001672,Standard,0,2021-01-01
163,CUST_14,2023-08-01,45.6538731184548,Premium,0,2021-01-01
164,CUST_14,2023-09-01,49.8609025145309,Basic,0,2021-01-01
165,CUST_14,2023-10-01,193.392689920499,Standard,0,2021-01-01
166,CUST_14,2023-11-01,474.1518029180911,Premium,0,2021-01-01
167,CUST_14,2023-12-01,194.367196910149,Premium,0,2021-01-01
168,CUST_15,2023-01-01,283.618082370544,Premium,0,2022-03-01
169,CUST_15,2023-02-01,64.4867663300142,Basic,1,2022-03-01
170,CUST_15,2023-03-01,239.643714577122,Standard,1,2022-03-01
171,CUST_15,2023-04-01,68.2207789713552,Premium,1,2022-03-01
172,CUST_15,2023-05-01,328.113048036871,Standard,1,2022-03-01
173,CUST_15,2023-06-01,295.850694897608,Basic,1,2022-03-01
174,CUST_15,2023-07-01,193.686583966615,Standard,1,2022-03-01
175,CUST_15,2023-08-01,435.613572812836,Basic,1,2022-03-01
176,CUST_15,2023-09-01,481.9790443259,Premium,1,2022-03-01
177,CUST_15,2023-10-01,485.240625086743,Standard,1,2022-03-01
178,CUST_15,2023-11-01,446.660125712055,Standard,1,2022-03-01
179,CUST_15,2023-12-01,496.552750098457,Premium,1,2022-03-01
180,CUST_16,2023-01-01,281.388599356647,Basic,0,2018-01-01
181,CUST_16,2023-02-01,318.405332686279,Basic,0,2018-01-01
182,CUST_16,2023-03-01,317.503459241191,Standard,0,2018-01-01
183,CUST_16,2023-04-01,32.2687263673144,Basic,0,2018-01-01
184,CUST_16,2023-05-01,446.229254106549,Standard,0,2018-01-01
185,CUST_16,2023-06-01,145.916779660755,Premium,0,2018-01-01
186,CUST_16,2023-07-01,183.142591732766,Standard,0,2018-01-01
187,CUST_16,2023-08-01,487.453455756422,Standard,0,2018-01-01
188,CUST_16,2023-09-01,272.687219508619,Basic,0,2018-01-01
189,CUST_16,2023-10-01,345.518274551401,Standard,0,2018-01-01
190,CUST_16,2023-11-01,413.043249032353,Standard,0,2018-01-01
191,CUST_16,2023-12-01,310.573446008537,Standard,0,2018-01-01
192,CUST_17,2023-01-01,434.3713058552,Standard,1,2019-06-01
193,CUST_17,2023-02-01,194.467049770244,Standard,1,2019-06-01
194,CUST_17,2023-03-01,493.765303364323,Standard,1,2019-06-01
195,CUST_17,2023-04-01,301.124050522546,Basic,1,2019-06-01
196,CUST_17,2023-05-01,485.258054929156,Standard,1,2019-06-01
197,CUST_17,2023-06-01,420.781065308458,Standard,1,2019-06-01
198,CUST_17,2023-07-01,213.261556145456,Premium,1,2019-06-01
199,CUST_17,2023-08-01,37.6239933589543,Basic,1,2019-06-01
200,CUST_17,2023-09-01,408.321494473738,Premium,1,2019-06-01
201,CUST_17,2023-10-01,498.352050166214,Premium,1,2019-06-01
202,CUST_17,2023-11-01,386.80383343845,Premium,1,2019-06-01
203,CUST_17,2023-12-01,426.327221431932,Standard,1,2019-06-01
204,CUST_18,2023-01-01,230.766626301946,Basic,0,2018-12-01
205,CUST_18,2023-02-01,307.025570880931,Premium,0,2018-12-01
206,CUST_18,2023-03-01,312.882837824369,Basic,0,2018-12-01
207,CUST_18,2023-04-01,339.070865840472,Basic,0,2018-12-01
208,CUST_18,2023-05-01,264.880115544877,Basic,0,2018-12-01
209,CUST_18,2023-06-01,284.859606052339,Basic,0,2018-12-01
210,CUST_18,2023-07-01,75.667461940814,Standard,0,2018-12-01
211,CUST_18,2023-08-01,313.951680163198,Basic,0,2018-12-01
212,CUST_18,2023-09-01,76.8220230375172,Basic,0,2018-12-01
213,CUST_18,2023-10-01,299.05966655877,Premium,0,2018-12-01
214,CUST_18,2023-11-01,453.037760301937,Basic,0,2018-12-01
215,CUST_18,2023-12-01,393.98997624316,Standard,0,2018-12-01
216,CUST_19,2023-01-01,432.55821728590496,Basic,0,2020-12-01
217,CUST_19,2023-02-01,464.027936329132,Standard,0,2020-12-01
218,CUST_19,2023-03-01,234.976520556748,Premium,0,2020-12-01
219,CUST_19,2023-04-01,171.088289040879,Standard,0,2020-12-01
220,CUST_19,2023-05-01,47.1730307732453,Basic,0,2020-12-01
221,CUST_19,2023-06-01,84.4323198210242,Standard,0,2020-12-01
222,CUST_19,2023-07-01,99.121241355581,Premium,0,2020-12-01
223,CUST_19,2023-08-01,242.241203728807,Standard,0,2020-12-01
224,CUST_19,2023-09-01,104.221619216249,Premium,0,2020-12-01
225,CUST_19,2023-10-01,146.50926612566,Basic,0,2020-12-01
226,CUST_19,2023-11-01,69.1115768392944,Basic,0,2020-12-01
227,CUST_19,2023-12-01,188.492231913557,Premium,0,2020-12-01
228,CUST_20,2023-01-01,29.2629485221385,Premium,0,2019-07-01
229,CUST_20,2023-02-01,50.0619256549472,Basic,0,2019-07-01
230,CUST_20,2023-03-01,39.9282003288832,Premium,0,2019-07-01
231,CUST_20,2023-04-01,376.647248287993,Standard,0,2019-07-01
232,CUST_20,2023-05-01,191.531330367777,Standard,0,2019-07-01
233,CUST_20,2023-06-01,190.767683389188,Premium,0,2019-07-01
234,CUST_20,2023-07-01,27.974769416393,Standard,0,2019-07-01
235,CUST_20,2023-08-01,448.651350466728,Premium,0,2019-07-01
236,CUST_20,2023-09-01,62.51428555649031,Premium,0,2019-07-01
237,CUST_20,2023-10-01,128.810546781018,Basic,0,2019-07-01
238,CUST_20,2023-11-01,19.8348869110859,Standard,0,2019-07-01
239,CUST_20,2023-12-01,170.473702567178,Standard,0,2019-07-01
240,CUST_21,2023-01-01,300.860302241484,Standard,0,2019-05-01
241,CUST_21,2023-02-01,254.236677475238,Basic,0,2019-05-01
242,CUST_21,2023-03-01,297.552147830231,Premium,0,2019-05-01
243,CUST_21,2023-04-01,72.5143483698263,Standard,0,2019-05-01
244,CUST_21,2023-05-01,326.499448252485,Premium,0,2019-05-01
245,CUST_21,2023-06-01,493.39247190856,Basic,0,2019-05-01
246,CUST_21,2023-07-01,59.8734115839978,Basic,0,2019-05-01
247,CUST_21,2023-08-01,88.7338728971823,Premium,0,2019-05-01
248,CUST_21,2023-09-01,94.9530616944299,Basic,0,2019-05-01
249,CUST_21,2023-10-01,267.010580889425,Basic,0,2019-05-01
250,CUST_21,2023-11-01,64.8990620623457,Standard,0,2019-05-01
251,CUST_21,2023-12-01,434.09849168805,Premium,0,2019-05-01
252,CUST_22,2023-01-01,93.7349178211323,Premium,0,2019-06-01
253,CUST_22,2023-02-01,,Basic,0,2019-06-01
254,CUST_22,2023-03-01,387.051537264049,Premium,0,2019-06-01
255,CUST_22,2023-04-01,218.463854922044,Basic,0,2019-06-01
256,CUST_22,2023-05-01,66.2700441222097,Premium,0,2019-06-01
257,CUST_22,2023-06-01,294.80672849708,Premium,0,2019-06-01
258,CUST_22,2023-07-01,270.968821950277,Premium,0,2019-06-01
259,CUST_22,2023-08-01,75.8631917000974,Premium,0,2019-06-01
260,CUST_22,2023-09-01,167.953384037614,Premium,0,2019-06-01
261,CUST_22,2023-10-01,343.936333889725,Basic,0,2019-06-01
262,CUST_22,2023-11-01,241.072332389578,Premium,0,2019-06-01
263,CUST_22,2023-12-01,465.4692806814351,Basic,0,2019-06-01
264,CUST_23,2023-01-01,70.9056395079169,Basic,0,2018-08-01
265,CUST_23,2023-02-01,98.8042024211735,Basic,0,2018-08-01
266,CUST_23,2023-03-01,291.491825458157,Standard,0,2018-08-01
267,CUST_23,2023-04-01,399.680982811346,Standard,0,2018-08-01
268,CUST_23,2023-05-01,90.4902409861865,Premium,0,2018-08-01
269,CUST_23,2023-06-01,266.302058136869,Basic,0,2018-08-01
270,CUST_23,2023-07-01,202.298102637091,Standard,0,2018-08-01
271,CUST_23,2023-08-01,194.702770418205,Premium,0,2018-08-01
272,CUST_23,2023-09-01,376.3285962863631,Standard,0,2018-08-01
273,CUST_23,2023-10-01,450.791540904539,Premium,0,2018-08-01
274,CUST_23,2023-11-01,454.171334372628,Basic,0,2018-08-01
275,CUST_23,2023-12-01,470.517740570603,Basic,0,2018-08-01
276,CUST_24,2023-01-01,78.2433156050598,Standard,0,2020-11-01
277,CUST_24,2023-02-01,271.395935068398,Premium,0,2020-11-01
278,CUST_24,2023-03-01,84.3206910690481,Standard,0,2020-11-01
279,CUST_24,2023-04-01,374.533683360612,Premium,0,2020-11-01
280,CUST_24,2023-05-01,383.604756012938,Basic,0,2020-11-01
281,CUST_24,2023-06-01,,Standard,0,2020-11-01
282,CUST_24,2023-07-01,72.4694445426714,Premium,0,2020-11-01
283,CUST_24,2023-08-01,83.4595394008992,Standard,0,2020-11-01
284,CUST_24,2023-09-01,362.817902907576,Premium,0,2020-11-01
285,CUST_24,2023-10-01,275.934977240322,Premium,0,2020-11-01
286,CUST_24,2023-11-01,98.9828812326986,Basic,0,2020-11-01
287,CUST_24,2023-12-01,206.417194214184,Premium,0,2020-11-01
288,CUST_25,2023-01-01,85.1421875268793,Basic,0,2019-10-01
289,CUST_25,2023-02-01,309.612575362977,Standard,0,2019-10-01
290,CUST_25,2023-03-01,466.73795841697,Standard,0,2019-10-01
291,CUST_25,2023-04-01,462.02469677687503,Premium,0,2019-10-01
292,CUST_25,2023-05-01,292.381296481738,Basic,0,2019-10-01
293,CUST_25,2023-06-01,370.857675456114,Standard,0,2019-10-01
294,CUST_25,2023-07-01,230.911291988025,Standard,0,2019-10-01
295,CUST_25,2023-08-01,421.060062358508,Standard,0,2019-10-01
296,CUST_25,2023-09-01,436.2492174104431,Basic,0,2019-10-01
297,CUST_25,2023-10-01,205.511324896364,Premium,0,2019-10-01
298,CUST_25,2023-11-01,403.398189813026,Standard,0,2019-10-01
299,CUST_25,2023-12-01,205.102659859562,Standard,0,2019-10-01
300,CUST_26,2023-01-01,179.709537239321,Standard,0,2022-05-01
301,CUST_26,2023-02-01,231.586791036006,Basic,0,2022-05-01
302,CUST_26,2023-03-01,79.0199399861019,Basic,0,2022-05-01
303,CUST_26,2023-04-01,215.273470257228,Standard,0,2022-05-01
304,CUST_26,2023-05-01,294.488291636241,Basic,1,2022-05-01
305,CUST_26,2023-06-01,335.133312288188,Basic,1,2022-05-01
306,CUST_26,2023-07-01,480.924455560033,Standard,1,2022-05-01
307,CUST_26,2023-08-01,213.165820626242,Premium,1,2022-05-01
308,CUST_26,2023-09-01,498.468383404514,Standard,1,2022-05-01
309,CUST_26,2023-10-01,301.738658486821,Premium,1,2022-05-01
310,CUST_26,2023-11-01,377.480630495597,Basic,1,2022-05-01
311,CUST_26,2023-12-01,450.04660182595,Basic,1,2022-05-01
312,CUST_27,2023-01-01,103.436983125197,Basic,0,2022-04-01
313,CUST_27,2023-02-01,286.772155298682,Standard,0,2022-04-01
314,CUST_27,2023-03-01,232.111529026534,Standard,0,2022-04-01
315,CUST_27,2023-04-01,206.37389982891,Standard,0,2022-04-01
316,CUST_27,2023-05-01,99.1447839426829,Basic,0,2022-04-01
317,CUST_27,2023-06-01,192.921564977079,Standard,0,2022-04-01
318,CUST_27,2023-07-01,210.279743838067,Basic,0,2022-04-01
319,CUST_27,2023-08-01,360.826392135225,Standard,1,2022-04-01
320,CUST_27,2023-09-01,118.766359347145,Standard,1,2022-04-01
321,CUST_27,2023-10-01,339.227444363377,Basic,1,2022-04-01
322,CUST_27,2023-11-01,61.0132051724412,Basic,1,2022-04-01
323,CUST_27,2023-12-01,97.4868844066235,Basic,1,2022-04-01
324,CUST_28,2023-01-01,126.709562712896,Basic,0,2018-02-01
325,CUST_28,2023-02-01,363.910796609273,Basic,0,2018-02-01
326,CUST_28,2023-03-01,204.619929513043,Basic,0,2018-02-01
327,CUST_28,2023-04-01,153.642387827897,Basic,1,2018-02-01
328,CUST_28,2023-05-01,51.8991801186894,Standard,1,2018-02-01
329,CUST_28,2023-06-01,23.0007798981717,Premium,1,2018-02-01
330,CUST_28,2023-07-01,295.690364875149,Premium,1,2018-02-01
331,CUST_28,2023-08-01,447.409138427718,Standard,1,2018-02-01
332,CUST_28,2023-09-01,177.490502331959,Basic,1,2018-02-01
333,CUST_28,2023-10-01,196.049280001961,Premium,1,2018-02-01
334,CUST_28,2023-11-01,141.351184003209,Standard,1,2018-02-01
335,CUST_28,2023-12-01,210.611709573708,Standard,1,2018-02-01
336,CUST_29,2023-01-01,223.701999276305,Premium,0,2022-09-01
337,CUST_29,2023-02-01,384.166839138283,Premium,0,2022-09-01
338,CUST_29,2023-03-01,248.841287142262,Premium,0,2022-09-01
339,CUST_29,2023-04-01,218.354617189924,Standard,0,2022-09-01
340,CUST_29,2023-05-01,275.400765183825,Premium,0,2022-09-01
341,CUST_29,2023-06-01,78.2844762956838,Basic,0,2022-09-01
342,CUST_29,2023-07-01,267.588189328316,Standard,0,2022-09-01
343,CUST_29,2023-08-01,19.0114315082587,Basic,0,2022-09-01
344,CUST_29,2023-09-01,292.493073001984,Basic,0,2022-09-01
345,CUST_29,2023-10-01,329.195990292413,Standard,0,2022-09-01
346,CUST_29,2023-11-01,15.3879560426554,Premium,0,2022-09-01
347,CUST_29,2023-12-01,438.206138005632,Premium,0,2022-09-01
348,CUST_30,2023-01-01,335.867970527665,Standard,0,2021-06-01
349,CUST_30,2023-02-01,215.197557197116,Standard,0,2021-06-01
350,CUST_30,2023-03-01,33.013323719777,Standard,0,2021-06-01
351,CUST_30,2023-04-01,50.571347283312,Premium,0,2021-06-01
352,CUST_30,2023-05-01,200.754850880569,Premium,0,2021-06-01
353,CUST_30,2023-06-01,362.33249354028,Premium,0,2021-06-01
354,CUST_30,2023-07-01,243.264697077559,Basic,0,2021-06-01
355,CUST_30,2023-08-01,368.96032763302304,Premium,1,2021-06-01
356,CUST_30,2023-09-01,138.509381706914,Standard,1,2021-06-01
357,CUST_30,2023-10-01,35.1986486072827,Basic,1,2021-06-01
358,CUST_30,2023-11-01,302.452995969276,Basic,1,2021-06-01
359,CUST_30,2023-12-01,387.746979835453,Premium,1,2021-06-01
360,CUST_31,2023-01-01,46.8175130505463,Basic,0,2022-07-01
361,CUST_31,2023-02-01,347.317174249591,Standard,0,2022-07-01
362,CUST_31,2023-03-01,411.360135660358,Premium,0,2022-07-01
363,CUST_31,2023-04-01,143.351117242682,Standard,0,2022-07-01
364,CUST_31,2023-05-01,54.87521593005071,Standard,0,2022-07-01
365,CUST_31,2023-06-01,475.616303372193,Premium,0,2022-07-01
366,CUST_31,2023-07-01,275.531464215396,Premium,0,2022-07-01
367,CUST_31,2023-08-01,405.21496245211,Standard,0,2022-07-01
368,CUST_31,2023-09-01,426.105869267006,Premium,0,2022-07-01
369,CUST_31,2023-10-01,118.392626491605,Standard,0,2022-07-01
370,CUST_31,2023-11-01,29.3191375705679,Premium,0,2022-07-01
371,CUST_31,2023-12-01,98.4819191123934,Basic,0,2022-07-01
372,CUST_32,2023-01-01,26.6335295070414,Premium,0,2019-09-01
373,CUST_32,2023-02-01,462.9541357345,Standard,0,2019-09-01
374,CUST_32,2023-03-01,242.364966162157,Standard,0,2019-09-01
375,CUST_32,2023-04-01,166.359231889195,Basic,1,2019-09-01
376,CUST_32,2023-05-01,302.172240456206,Basic,1,2019-09-01
377,CUST_32,2023-06-01,69.0777740308666,Basic,1,2019-09-01
378,CUST_32,2023-07-01,351.181500180289,Standard,1,2019-09-01
379,CUST_32,2023-08-01,365.135718049093,Standard,1,2019-09-01
380,CUST_32,2023-09-01,164.492265536999,Premium,1,2019-09-01
381,CUST_32,2023-10-01,397.454350771092,Standard,1,2019-09-01
382,CUST_32,2023-11-01,316.686774454135,Basic,1,2019-09-01
383,CUST_32,2023-12-01,311.772962209329,Basic,1,2019-09-01
384,CUST_33,2023-01-01,21.9563829627036,Basic,1,2022-11-01
385,CUST_33,2023-02-01,438.603819615258,Standard,1,2022-11-01
386,CUST_33,2023-03-01,470.14317227131903,Premium,1,2022-11-01
387,CUST_33,2023-04-01,498.987714161335,Standard,1,2022-11-01
388,CUST_33,2023-05-01,385.922261576252,Standard,1,2022-11-01
389,CUST_33,2023-06-01,245.139053948915,Basic,1,2022-11-01
390,CUST_33,2023-07-01,438.101785951306,Standard,1,2022-11-01
391,CUST_33,2023-08-01,386.453972793614,Standard,1,2022-11-01
392,CUST_33,2023-09-01,216.464931115764,Premium,1,2022-11-01
393,CUST_33,2023-10-01,127.000801426468,Basic,1,2022-11-01
394,CUST_33,2023-11-01,183.764857243981,Basic,1,2022-11-01
395,CUST_33,2023-12-01,155.190979023435,Basic,1,2022-11-01
396,CUST_34,2023-01-01,30.6256629218173,Premium,0,2018-04-01
397,CUST_34,2023-02-01,219.608835530573,Standard,0,2018-04-01
398,CUST_34,2023-03-01,116.944405053881,Standard,0,2018-04-01
399,CUST_34,2023-04-01,53.8113911330072,Standard,0,2018-04-01
400,CUST_34,2023-05-01,472.91869092279103,Basic,0,2018-04-01
401,CUST_34,2023-06-01,91.8466335851169,Standard,0,2018-04-01
402,CUST_34,2023-07-01,471.938569326212,Standard,0,2018-04-01
403,CUST_34,2023-08-01,261.217370398089,Standard,0,2018-04-01
404,CUST_34,2023-09-01,118.038242444386,Premium,0,2018-04-01
405,CUST_34,2023-10-01,181.561376991698,Basic,0,2018-04-01
406,CUST_34,2023-11-01,443.055083632079,Standard,0,2018-04-01
407,CUST_34,2023-12-01,95.2086721175488,Premium,0,2018-04-01
408,CUST_35,2023-01-01,351.050102846358,Standard,0,2018-01-01
409,CUST_35,2023-02-01,119.975880199964,Premium,0,2018-01-01
410,CUST_35,2023-03-01,300.540568072435,Basic,0,2018-01-01
411,CUST_35,2023-04-01,439.955822688886,Premium,0,2018-01-01
412,CUST_35,2023-05-01,445.486559135799,Standard,0,2018-01-01
413,CUST_35,2023-06-01,406.66287661519,Premium,0,2018-01-01
414,CUST_35,2023-07-01,52.623512356591,Premium,0,2018-01-01
415,CUST_35,2023-08-01,137.27935404256,Basic,0,2018-01-01
416,CUST_35,2023-09-01,49.7126457947475,Basic,0,2018-01-01
417,CUST_35,2023-10-01,47.3041211502471,Premium,0,2018-01-01
418,CUST_35,2023-11-01,245.487422890058,Standard,0,2018-01-01
419,CUST_35,2023-12-01,180.426511872075,Standard,0,2018-01-01
420,CUST_36,2023-01-01,140.843852383016,Standard,0,2020-08-01
421,CUST_36,2023-02-01,332.641398982629,Standard,0,2020-08-01
422,CUST_36,2023-03-01,357.097858590367,Premium,0,2020-08-01
423,CUST_36,2023-04-01,343.268978162547,Standard,0,2020-08-01
424,CUST_36,2023-05-01,87.7165015936061,Premium,0,2020-08-01
425,CUST_36,2023-06-01,24.331168686934,Premium,0,2020-08-01
426,CUST_36,2023-07-01,174.20823858698,Standard,0,2020-08-01
427,CUST_36,2023-08-01,410.80384181834,Basic,0,2020-08-01
428,CUST_36,2023-09-01,13.1290771412485,Standard,0,2020-08-01
429,CUST_36,2023-10-01,490.781227233438,Standard,0,2020-08-01
430,CUST_36,2023-11-01,320.66279451881,Basic,0,2020-08-01
431,CUST_36,2023-12-01,62.4205130252096,Standard,0,2020-08-01
432,CUST_37,2023-01-01,481.866081890907,Standard,0,2019-03-01
433,CUST_37,2023-02-01,466.69377169990895,Basic,0,2019-03-01
434,CUST_37,2023-03-01,347.064003927399,Basic,0,2019-03-01
435,CUST_37,2023-04-01,357.004323436188,Premium,0,2019-03-01
436,CUST_37,2023-05-01,179.482697906949,Basic,1,2019-03-01
437,CUST_37,2023-06-01,437.053035014664,Standard,1,2019-03-01
438,CUST_37,2023-07-01,484.75014908998895,Standard,1,2019-03-01
439,CUST_37,2023-08-01,73.7422576640097,Basic,1,2019-03-01
440,CUST_37,2023-09-01,22.0475890648127,Standard,1,2019-03-01
441,CUST_37,2023-10-01,168.569007383275,Basic,1,2019-03-01
442,CUST_37,2023-11-01,387.499634725819,Premium,1,2019-03-01
443,CUST_37,2023-12-01,228.492326124607,Standard,1,2019-03-01
444,CUST_38,2023-01-01,498.591005077278,Standard,0,2018-10-01
445,CUST_38,2023-02-01,90.1756723839179,Premium,0,2018-10-01
446,CUST_38,2023-03-01,118.177110266493,Standard,0,2018-10-01
447,CUST_38,2023-04-01,330.710494997756,Basic,0,2018-10-01
448,CUST_38,2023-05-01,84.0183669726411,Basic,0,2018-10-01
449,CUST_38,2023-06-01,215.6663852938,Standard,0,2018-10-01
450,CUST_38,2023-07-01,144.365449150848,Premium,0,2018-10-01
451,CUST_38,2023-08-01,448.108609802776,Standard,0,2018-10-01
452,CUST_38,2023-09-01,25.2557006134106,Standard,0,2018-10-01
453,CUST_38,2023-10-01,433.535542421422,Premium,0,2018-10-01
454,CUST_38,2023-11-01,100.907502694529,Premium,0,2018-10-01
455,CUST_38,2023-12-01,387.75170387558495,Basic,0,2018-10-01
456,CUST_39,2023-01-01,316.847957599394,Basic,1,2020-12-01
457,CUST_39,2023-02-01,461.2154454296871,Basic,1,2020-12-01
458,CUST_39,2023-03-01,400.303272578326,Standard,1,2020-12-01
459,CUST_39,2023-04-01,67.4810125915733,Basic,1,2020-12-01
460,CUST_39,2023-05-01,345.926990742196,Premium,1,2020-12-01
461,CUST_39,2023-06-01,108.257116083165,Basic,1,2020-12-01
462,CUST_39,2023-07-01,41.4623791668157,Premium,1,2020-12-01
463,CUST_39,2023-08-01,141.806768173198,Premium,1,2020-12-01
464,CUST_39,2023-09-01,162.077359872551,Standard,1,2020-12-01
465,CUST_39,2023-10-01,15.6940645549693,Standard,1,2020-12-01
466,CUST_39,2023-11-01,202.321842639276,Premium,1,2020-12-01
467,CUST_39,2023-12-01,304.010068578459,Standard,1,2020-12-01
468,CUST_40,2023-01-01,350.541124202006,Standard,0,2020-09-01
469,CUST_40,2023-02-01,29.413224420695,Standard,0,2020-09-01
470,CUST_40,2023-03-01,128.602057772638,Premium,0,2020-09-01
471,CUST_40,2023-04-01,254.455195191164,Premium,0,2020-09-01
472,CUST_40,2023-05-01,284.227854908588,Basic,0,2020-09-01
473,CUST_40,2023-06-01,263.678705258509,Standard,0,2020-09-01
474,CUST_40,2023-07-01,26.2695233077696,Basic,0,2020-09-01
475,CUST_40,2023-08-01,75.0307194810996,Premium,0,2020-09-01
476,CUST_40,2023-09-01,402.287482563451,Basic,0,2020-09-01
477,CUST_40,2023-10-01,61.238241763856095,Standard,0,2020-09-01
478,CUST_40,2023-11-01,25.4772109645646,Standard,0,2020-09-01
479,CUST_40,2023-12-01,275.235204297525,Basic,0,2020-09-01
480,CUST_41,2023-01-01,359.90259674489,Basic,0,2019-01-01
481,CUST_41,2023-02-01,409.264305735791,Standard,0,2019-01-01
482,CUST_41,2023-03-01,278.320264315331,Premium,0,2019-01-01
483,CUST_41,2023-04-01,325.353070646297,Premium,0,2019-01-01
484,CUST_41,2023-05-01,49.9986911949889,Premium,0,2019-01-01
485,CUST_41,2023-06-01,88.1768932554623,Basic,0,2019-01-01
486,CUST_41,2023-07-01,488.173975351374,Basic,0,2019-01-01
487,CUST_41,2023-08-01,396.95226849981503,Premium,0,2019-01-01
488,CUST_41,2023-09-01,282.128139959439,Basic,0,2019-01-01
489,CUST_41,2023-10-01,498.203618867804,Basic,0,2019-01-01
490,CUST_41,2023-11-01,107.775800955281,Premium,0,2019-01-01
491,CUST_41,2023-12-01,25.019726080845,Standard,0,2019-01-01
492,CUST_42,2023-01-01,435.453527650107,Basic,0,2018-06-01
493,CUST_42,2023-02-01,218.491733879557,Standard,0,2018-06-01
494,CUST_42,2023-03-01,493.948286230668,Basic,0,2018-06-01
495,CUST_42,2023-04-01,293.550950200473,Premium,0,2018-06-01
496,CUST_42,2023-05-01,248.467781298104,Basic,0,2018-06-01
497,CUST_42,2023-06-01,216.643254167993,Standard,0,2018-06-01
498,CUST_42,2023-07-01,457.058039352179,Standard,0,2018-06-01
499,CUST_42,2023-08-01,319.464507845335,Standard,0,2018-06-01
500,CUST_42,2023-09-01,360.754232694223,Basic,0,2018-06-01
501,CUST_42,2023-10-01,126.3962292127,Basic,0,2018-06-01
502,CUST_42,2023-11-01,428.648695751094,Standard,0,2018-06-01
503,CUST_42,2023-12-01,436.667451623531,Premium,0,2018-06-01
504,CUST_43,2023-01-01,186.024351005885,Premium,0,2019-10-01
505,CUST_43,2023-02-01,201.629952959363,Basic,0,2019-10-01
506,CUST_43,2023-03-01,331.800965625233,Standard,0,2019-10-01
507,CUST_43,2023-04-01,74.1280937519914,Basic,0,2019-10-01
508,CUST_43,2023-05-01,125.664727039767,Premium,0,2019-10-01
509,CUST_43,2023-06-01,264.689234792449,Standard,0,2019-10-01
510,CUST_43,2023-07-01,221.134886594285,Basic,0,2019-10-01
511,CUST_43,2023-08-01,356.320836273868,Basic,0,2019-10-01
512,CUST_43,2023-09-01,27.9689991974361,Basic,0,2019-10-01
513,CUST_43,2023-10-01,242.569129117409,Standard,0,2019-10-01
514,CUST_43,2023-11-01,296.823638554409,Basic,0,2019-10-01
515,CUST_43,2023-12-01,64.8406135048867,Premium,0,2019-10-01
516,CUST_44,2023-01-01,270.273068720506,Standard,1,2020-09-01
517,CUST_44,2023-02-01,69.8338578649131,Standard,1,2020-09-01
518,CUST_44,2023-03-01,467.598758588673,Standard,1,2020-09-01
519,CUST_44,2023-04-01,258.545056257312,Standard,1,2020-09-01
520,CUST_44,2023-05-01,82.6881684714235,Premium,1,2020-09-01
521,CUST_44,2023-06-01,482.908161253662,Basic,1,2020-09-01
522,CUST_44,2023-07-01,476.387774857387,Premium,1,2020-09-01
523,CUST_44,2023-08-01,435.279964314811,Basic,1,2020-09-01
524,CUST_44,2023-09-01,262.642054003833,Standard,1,2020-09-01
525,CUST_44,2023-10-01,336.763486197591,Standard,1,2020-09-01
526,CUST_44,2023-11-01,24.6870590376122,Standard,1,2020-09-01
527,CUST_44,2023-12-01,355.293573740957,Basic,1,2020-09-01
528,CUST_45,2023-01-01,339.98189232921,Premium,0,2022-07-01
529,CUST_45,2023-02-01,339.575037930312,Basic,0,2022-07-01
530,CUST_45,2023-03-01,96.8033968292191,Standard,0,2022-07-01
531,CUST_45,2023-04-01,472.860967542271,Premium,0,2022-07-01
532,CUST_45,2023-05-01,312.745147698595,Premium,0,2022-07-01
533,CUST_45,2023-06-01,24.8896592514501,Premium,0,2022-07-01
534,CUST_45,2023-07-01,341.491559030851,Premium,0,2022-07-01
535,CUST_45,2023-08-01,202.993558770538,Basic,0,2022-07-01
536,CUST_45,2023-09-01,332.344199255488,Premium,1,2022-07-01
537,CUST_45,2023-10-01,488.81535026844494,Standard,1,2022-07-01
538,CUST_45,2023-11-01,436.66919066525696,Standard,1,2022-07-01
539,CUST_45,2023-12-01,287.837967883467,Standard,1,2022-07-01
540,CUST_46,2023-01-01,440.47262503766,Premium,0,2020-07-01
541,CUST_46,2023-02-01,337.120758926157,Basic,0,2020-07-01
542,CUST_46,2023-03-01,400.928687940731,Premium,0,2020-07-01
543,CUST_46,2023-04-01,68.9024371315981,Premium,1,2020-07-01
544,CUST_46,2023-05-01,169.047056651132,Standard,1,2020-07-01
545,CUST_46,2023-06-01,204.124618888535,Standard,1,2020-07-01
546,CUST_46,2023-07-01,200.393469622469,Basic,1,2020-07-01
547,CUST_46,2023-08-01,126.39662412842,Standard,1,2020-07-01
548,CUST_46,2023-09-01,121.362117358944,Premium,1,2020-07-01
549,CUST_46,2023-10-01,305.689810756875,Standard,1,2020-07-01
550,CUST_46,2023-11-01,313.550269544711,Basic,1,2020-07-01
551,CUST_46,2023-12-01,196.095032287823,Standard,1,2020-07-01
552,CUST_47,2023-01-01,264.350074716747,Standard,1,2022-02-01
553,CUST_47,2023-02-01,177.211435536817,Premium,1,2022-02-01
554,CUST_47,2023-03-01,205.423162639481,Standard,1,2022-02-01
555,CUST_47,2023-04-01,,Premium,1,2022-02-01
556,CUST_47,2023-05-01,384.792798155643,Basic,1,2022-02-01
557,CUST_47,2023-06-01,361.880307350982,Standard,1,2022-02-01
558,CUST_47,2023-07-01,18.9339655114172,Basic,1,2022-02-01
559,CUST_47,2023-08-01,13.7058087392896,Basic,1,2022-02-01
560,CUST_47,2023-09-01,450.034968985494,Premium,1,2022-02-01
561,CUST_47,2023-10-01,464.24692695019,Premium,1,2022-02-01
562,CUST_47,2023-11-01,467.873653134702,Basic,1,2022-02-01
563,CUST_47,2023-12-01,59.696205940116094,Standard,1,2022-02-01
564,CUST_48,2023-01-01,135.820518183049,Standard,0,2018-10-01
565,CUST_48,2023-02-01,403.482689938005,Basic,0,2018-10-01
566,CUST_48,2023-03-01,309.06355382235,Premium,0,2018-10-01
567,CUST_48,2023-04-01,212.639059747422,Basic,0,2018-10-01
568,CUST_48,2023-05-01,343.747748442842,Premium,0,2018-10-01
569,CUST_48,2023-06-01,357.432668243992,Standard,0,2018-10-01
570,CUST_48,2023-07-01,135.715764013668,Premium,0,2018-10-01
571,CUST_48,2023-08-01,404.9363493898271,Basic,1,2018-10-01
572,CUST_48,2023-09-01,320.244174041071,Standard,1,2018-10-01
573,CUST_48,2023-10-01,304.789791871702,Premium,1,2018-10-01
574,CUST_48,2023-11-01,443.26116704072,Premium,1,2018-10-01
575,CUST_48,2023-12-01,113.901971555031,Standard,1,2018-10-01
576,CUST_49,2023-01-01,211.403950205285,Standard,0,2018-05-01
577,CUST_49,2023-02-01,183.176475858332,Basic,0,2018-05-01
578,CUST_49,2023-03-01,144.654957418587,Standard,0,2018-05-01
579,CUST_49,2023-04-01,337.099450652821,Premium,0,2018-05-01
580,CUST_49,2023-05-01,231.366162581242,Premium,0,2018-05-01
581,CUST_49,2023-06-01,371.06813502264896,Standard,0,2018-05-01
582,CUST_49,2023-07-01,56.9001322048793,Basic,0,2018-05-01
583,CUST_49,2023-08-01,307.476077683503,Basic,0,2018-05-01
584,CUST_49,2023-09-01,201.543937993702,Premium,0,2018-05-01
585,CUST_49,2023-10-01,494.0149049052951,Premium,0,2018-05-01
586,CUST_49,2023-11-01,208.116196371103,Basic,0,2018-05-01
587,CUST_49,2023-12-01,349.293714148941,Standard,0,2018-05-01
588,CUST_50,2023-01-01,61.0137281982415,Premium,0,2020-10-01
589,CUST_50,2023-02-01,144.338726614305,Standard,0,2020-10-01
590,CUST_50,2023-03-01,448.153528585418,Basic,0,2020-10-01
591,CUST_50,2023-04-01,121.061637091224,Standard,0,2020-10-01
592,CUST_50,2023-05-01,264.339297545053,Premium,0,2020-10-01
593,CUST_50,2023-06-01,124.518920136112,Standard,0,2020-10-01
594,CUST_50,2023-07-01,328.929910833125,Basic,0,2020-10-01
595,CUST_50,2023-08-01,173.170937398517,Standard,0,2020-10-01
596,CUST_50,2023-09-01,334.301203026196,Premium,0,2020-10-01
597,CUST_50,2023-10-01,237.950750019022,Basic,0,2020-10-01
598,CUST_50,2023-11-01,479.236389407636,Standard,0,2020-10-01
599,CUST_50,2023-12-01,108.457507442938,Premium,0,2020-10-01
600,CUST_51,2023-01-01,230.681758766511,Standard,0,2019-11-01
601,CUST_51,2023-02-01,335.806744998737,Basic,0,2019-11-01
602,CUST_51,2023-03-01,124.974620109172,Basic,0,2019-11-01
603,CUST_51,2023-04-01,496.316916057604,Basic,0,2019-11-01
604,CUST_51,2023-05-01,422.596314244446,Basic,0,2019-11-01
605,CUST_51,2023-06-01,53.670971736848095,Basic,0,2019-11-01
606,CUST_51,2023-07-01,414.773138823739,Premium,0,2019-11-01
607,CUST_51,2023-08-01,27.7185864571334,Basic,0,2019-11-01
608,CUST_51,2023-09-01,186.466839661044,Premium,0,2019-11-01
609,CUST_51,2023-10-01,281.363097949064,Premium,0,2019-11-01
610,CUST_51,2023-11-01,229.129244847369,Basic,0,2019-11-01
611,CUST_51,2023-12-01,460.502066875065,Basic,0,2019-11-01
612,CUST_52,2023-01-01,427.198229295097,Basic,0,2023-01-01
613,CUST_52,2023-02-01,67.0195349638833,Basic,0,2023-01-01
614,CUST_52,2023-03-01,440.207417018084,Basic,0,2023-01-01
615,CUST_52,2023-04-01,397.11491379046,Premium,0,2023-01-01
616,CUST_52,2023-05-01,207.460287594929,Basic,0,2023-01-01
617,CUST_52,2023-06-01,179.588866003515,Premium,0,2023-01-01
618,CUST_52,2023-07-01,413.01547618083697,Premium,0,2023-01-01
619,CUST_52,2023-08-01,462.151023351563,Standard,0,2023-01-01
620,CUST_52,2023-09-01,384.756802442468,Basic,0,2023-01-01
621,CUST_52,2023-10-01,205.344883608433,Basic,0,2023-01-01
622,CUST_52,2023-11-01,43.4044315988919,Premium,0,2023-01-01
623,CUST_52,2023-12-01,481.926404678695,Basic,0,2023-01-01
624,CUST_53,2023-01-01,221.923960381765,Premium,0,2019-02-01
625,CUST_53,2023-02-01,225.360727430126,Premium,0,2019-02-01
626,CUST_53,2023-03-01,115.858709429704,Standard,0,2019-02-01
627,CUST_53,2023-04-01,84.4921780330376,Standard,0,2019-02-01
628,CUST_53,2023-05-01,235.302207646967,Premium,0,2019-02-01
629,CUST_53,2023-06-01,38.3124748882197,Basic,0,2019-02-01
630,CUST_53,2023-07-01,127.198251065804,Premium,0,2019-02-01
631,CUST_53,2023-08-01,158.604822308122,Standard,0,2019-02-01
632,CUST_53,2023-09-01,40.5229810837307,Premium,0,2019-02-01
633,CUST_53,2023-10-01,408.845432057949,Standard,0,2019-02-01
634,CUST_53,2023-11-01,315.708959782903,Premium,0,2019-02-01
635,CUST_53,2023-12-01,74.0480846026977,Basic,0,2019-02-01
636,CUST_54,2023-01-01,105.365030792175,Basic,0,2022-07-01
637,CUST_54,2023-02-01,415.493568827768,Basic,0,2022-07-01
638,CUST_54,2023-03-01,15.4053195700371,Premium,0,2022-07-01
639,CUST_54,2023-04-01,19.4042156432978,Standard,0,2022-07-01
640,CUST_54,2023-05-01,77.1837558072095,Basic,0,2022-07-01
641,CUST_54,2023-06-01,15.9391795755077,Basic,0,2022-07-01
642,CUST_54,2023-07-01,402.753184822665,Standard,0,2022-07-01
643,CUST_54,2023-08-01,63.7707373519767,Premium,0,2022-07-01
644,CUST_54,2023-09-01,423.734970542412,Standard,0,2022-07-01
645,CUST_54,2023-10-01,83.5238457000523,Basic,0,2022-07-01
646,CUST_54,2023-11-01,243.248883390696,Standard,0,2022-07-01
647,CUST_54,2023-12-01,235.128916518933,Premium,0,2022-07-01
648,CUST_55,2023-01-01,478.11399638692495,Premium,0,2021-11-01
649,CUST_55,2023-02-01,347.186005982406,Basic,0,2021-11-01
650,CUST_55,2023-03-01,422.027073918702,Standard,0,2021-11-01
651,CUST_55,2023-04-01,236.12395766612,Premium,0,2021-11-01
652,CUST_55,2023-05-01,448.607692946203,Premium,0,2021-11-01
653,CUST_55,2023-06-01,42.6594998747381,Standard,0,2021-11-01
654,CUST_55,2023-07-01,371.342546673528,Basic,0,2021-11-01
655,CUST_55,2023-08-01,30.4197212951683,Premium,0,2021-11-01
656,CUST_55,2023-09-01,45.3213246393499,Basic,1,2021-11-01
657,CUST_55,2023-10-01,478.685685166745,Standard,1,2021-11-01
658,CUST_55,2023-11-01,183.093190166011,Premium,1,2021-11-01
659,CUST_55,2023-12-01,181.354582575466,Premium,1,2021-11-01
660,CUST_56,2023-01-01,334.071599424503,Basic,0,2021-07-01
661,CUST_56,2023-02-01,58.21386835956471,Premium,0,2021-07-01
662,CUST_56,2023-03-01,139.872749879252,Premium,0,2021-07-01
663,CUST_56,2023-04-01,484.2514170740649,Basic,0,2021-07-01
664,CUST_56,2023-05-01,316.085148738589,Basic,0,2021-07-01
665,CUST_56,2023-06-01,69.4793448981092,Standard,0,2021-07-01
666,CUST_56,2023-07-01,325.513084235154,Basic,1,2021-07-01
667,CUST_56,2023-08-01,484.559501021248,Basic,1,2021-07-01
668,CUST_56,2023-09-01,153.482797983473,Premium,1,2021-07-01
669,CUST_56,2023-10-01,304.921978921798,Premium,1,2021-07-01
670,CUST_56,2023-11-01,376.555857920471,Basic,1,2021-07-01
671,CUST_56,2023-12-01,331.674517592436,Standard,1,2021-07-01
672,CUST_57,2023-01-01,175.751077937304,Standard,0,2019-08-01
673,CUST_57,2023-02-01,192.361841680382,Standard,0,2019-08-01
674,CUST_57,2023-03-01,310.340395422318,Standard,0,2019-08-01
675,CUST_57,2023-04-01,69.5356743874499,Basic,0,2019-08-01
676,CUST_57,2023-05-01,326.447298201051,Standard,0,2019-08-01
677,CUST_57,2023-06-01,432.071298218084,Standard,0,2019-08-01
678,CUST_57,2023-07-01,133.598099884947,Premium,0,2019-08-01
679,CUST_57,2023-08-01,422.57929091613,Basic,0,2019-08-01
680,CUST_57,2023-09-01,331.519300463725,Standard,0,2019-08-01
681,CUST_57,2023-10-01,492.488172367009,Standard,1,2019-08-01
682,CUST_57,2023-11-01,90.7592597074242,Basic,1,2019-08-01
683,CUST_57,2023-12-01,365.730155892795,Basic,1,2019-08-01
684,CUST_58,2023-01-01,114.620569492229,Premium,0,2018-08-01
685,CUST_58,2023-02-01,369.072756935463,Premium,0,2018-08-01
686,CUST_58,2023-03-01,259.096667988977,Basic,0,2018-08-01
687,CUST_58,2023-04-01,347.553798004544,Premium,0,2018-08-01
688,CUST_58,2023-05-01,382.949553151147,Standard,0,2018-08-01
689,CUST_58,2023-06-01,14.5724937152757,Premium,0,2018-08-01
690,CUST_58,2023-07-01,495.986876161188,Premium,0,2018-08-01
691,CUST_58,2023-08-01,402.034774662588,Premium,0,2018-08-01
692,CUST_58,2023-09-01,369.20493505454095,Premium,0,2018-08-01
693,CUST_58,2023-10-01,184.138438656012,Basic,0,2018-08-01
694,CUST_58,2023-11-01,12.5625106360272,Premium,1,2018-08-01
695,CUST_58,2023-12-01,375.409553538304,Premium,1,2018-08-01
696,CUST_59,2023-01-01,479.456005258496,Standard,0,2019-11-01
697,CUST_59,2023-02-01,82.9551446628979,Premium,0,2019-11-01
698,CUST_59,2023-03-01,498.203825437351,Basic,0,2019-11-01
699,CUST_59,2023-04-01,363.81475971934094,Standard,0,2019-11-01
700,CUST_59,2023-05-01,201.847592107136,Premium,0,2019-11-01
701,CUST_59,2023-06-01,11.5769491660966,Standard,0,2019-11-01
702,CUST_59,2023-07-01,,Basic,0,2019-11-01
703,CUST_59,2023-08-01,245.676716044201,Basic,0,2019-11-01
704,CUST_59,2023-09-01,294.192055839784,Premium,0,2019-11-01
705,CUST_59,2023-10-01,305.708956632263,Standard,0,2019-11-01
706,CUST_59,2023-11-01,142.212152862825,Basic,0,2019-11-01
707,CUST_59,2023-12-01,47.7585567758223,Basic,0,2019-11-01
708,CUST_60,2023-01-01,394.599518784619,Standard,0,2020-01-01
709,CUST_60,2023-02-01,263.461837656389,Standard,0,2020-01-01
710,CUST_60,2023-03-01,170.814449268563,Standard,0,2020-01-01
711,CUST_60,2023-04-01,118.099856828494,Basic,0,2020-01-01
712,CUST_60,2023-05-01,499.190280582545,Basic,0,2020-01-01
713,CUST_60,2023-06-01,216.411546114095,Standard,0,2020-01-01
714,CUST_60,2023-07-01,67.9847335524598,Basic,0,2020-01-01
715,CUST_60,2023-08-01,198.078146447192,Basic,0,2020-01-01
716,CUST_60,2023-09-01,100.393364035483,Basic,0,2020-01-01
717,CUST_60,2023-10-01,22.8363871807118,Basic,0,2020-01-01
718,CUST_60,2023-11-01,143.804696886678,Standard,0,2020-01-01
719,CUST_60,2023-12-01,470.932830106517,Standard,0,2020-01-01
720,CUST_61,2023-01-01,437.637822737455,Premium,0,2022-01-01
721,CUST_61,2023-02-01,403.295221799898,Premium,0,2022-01-01
722,CUST_61,2023-03-01,75.4051864838125,Premium,0,2022-01-01
723,CUST_61,2023-04-01,253.265964654097,Premium,0,2022-01-01
724,CUST_61,2023-05-01,385.101320505644,Basic,0,2022-01-01
725,CUST_61,2023-06-01,76.3235003160659,Premium,0,2022-01-01
726,CUST_61,2023-07-01,478.741164330894,Standard,0,2022-01-01
727,CUST_61,2023-08-01,148.271666599668,Premium,0,2022-01-01
728,CUST_61,2023-09-01,454.064744455308,Basic,0,2022-01-01
729,CUST_61,2023-10-01,382.105148584802,Basic,0,2022-01-01
730,CUST_61,2023-11-01,42.0294172065488,Premium,1,2022-01-01
731,CUST_61,2023-12-01,40.700069693123694,Basic,1,2022-01-01
732,CUST_62,2023-01-01,78.2302318476216,Standard,0,2019-01-01
733,CUST_62,2023-02-01,180.198229866833,Premium,1,2019-01-01
734,CUST_62,2023-03-01,335.256946226039,Standard,1,2019-01-01
735,CUST_62,2023-04-01,284.482409896303,Premium,1,2019-01-01
736,CUST_62,2023-05-01,35.6063608501516,Standard,1,2019-01-01
737,CUST_62,2023-06-01,137.477317571405,Standard,1,2019-01-01
738,CUST_62,2023-07-01,490.835574343651,Standard,1,2019-01-01
739,CUST_62,2023-08-01,330.545554722297,Standard,1,2019-01-01
740,CUST_62,2023-09-01,287.011824740089,Basic,1,2019-01-01
741,CUST_62,2023-10-01,486.282611519453,Premium,1,2019-01-01
742,CUST_62,2023-11-01,181.258122322541,Basic,1,2019-01-01
743,CUST_62,2023-12-01,84.1109460801179,Standard,1,2019-01-01
744,CUST_63,2023-01-01,132.973664056746,Premium,0,2022-09-01
745,CUST_63,2023-02-01,266.46154657344,Standard,0,2022-09-01
746,CUST_63,2023-03-01,364.179008572157,Premium,0,2022-09-01
747,CUST_63,2023-04-01,276.333726497897,Premium,0,2022-09-01
748,CUST_63,2023-05-01,247.501180693723,Standard,0,2022-09-01
749,CUST_63,2023-06-01,426.487932025524,Basic,0,2022-09-01
750,CUST_63,2023-07-01,211.765115376409,Standard,0,2022-09-01
751,CUST_63,2023-08-01,40.513821882124,Premium,0,2022-09-01
752,CUST_63,2023-09-01,235.027540022509,Basic,0,2022-09-01
753,CUST_63,2023-10-01,108.668253246627,Premium,0,2022-09-01
754,CUST_63,2023-11-01,171.805381787034,Standard,0,2022-09-01
755,CUST_63,2023-12-01,110.391824333849,Standard,0,2022-09-01
756,CUST_64,2023-01-01,436.583428272543,Basic,0,2022-01-01
757,CUST_64,2023-02-01,492.64493150902894,Basic,1,2022-01-01
758,CUST_64,2023-03-01,41.9502497176411,Standard,1,2022-01-01
759,CUST_64,2023-04-01,455.517900872165,Basic,1,2022-01-01
760,CUST_64,2023-05-01,253.928128936802,Basic,1,2022-01-01
761,CUST_64,2023-06-01,331.822251314904,Basic,1,2022-01-01
762,CUST_64,2023-07-01,196.405803678706,Basic,1,2022-01-01
763,CUST_64,2023-08-01,482.593560411398,Basic,1,2022-01-01
764,CUST_64,2023-09-01,266.431519285423,Basic,1,2022-01-01
765,CUST_64,2023-10-01,398.498665326581,Basic,1,2022-01-01
766,CUST_64,2023-11-01,320.945384599649,Basic,1,2022-01-01
767,CUST_64,2023-12-01,204.025531604603,Basic,1,2022-01-01
768,CUST_65,2023-01-01,271.184144950609,Standard,0,2019-08-01
769,CUST_65,2023-02-01,398.69806171474494,Basic,0,2019-08-01
770,CUST_65,2023-03-01,454.010194835226,Premium,0,2019-08-01
771,CUST_65,2023-04-01,78.9486487438916,Basic,0,2019-08-01
772,CUST_65,2023-05-01,448.054957903857,Basic,0,2019-08-01
773,CUST_65,2023-06-01,225.758475000491,Premium,0,2019-08-01
774,CUST_65,2023-07-01,442.384020519596,Premium,0,2019-08-01
775,CUST_65,2023-08-01,483.892041476994,Basic,0,2019-08-01
776,CUST_65,2023-09-01,337.280799413777,Premium,0,2019-08-01
777,CUST_65,2023-10-01,442.144601569276,Standard,0,2019-08-01
778,CUST_65,2023-11-01,16.1776847881219,Standard,0,2019-08-01
779,CUST_65,2023-12-01,362.483274960888,Premium,0,2019-08-01
780,CUST_66,2023-01-01,368.433280266778,Premium,0,2019-04-01
781,CUST_66,2023-02-01,411.341121792212,Basic,0,2019-04-01
782,CUST_66,2023-03-01,164.031555460037,Basic,0,2019-04-01
783,CUST_66,2023-04-01,235.039946614875,Standard,0,2019-04-01
784,CUST_66,2023-05-01,415.842133694237,Standard,0,2019-04-01
785,CUST_66,2023-06-01,358.886869962083,Standard,0,2019-04-01
786,CUST_66,2023-07-01,127.538315250413,Premium,0,2019-04-01
787,CUST_66,2023-08-01,230.671979663652,Basic,0,2019-04-01
788,CUST_66,2023-09-01,314.254998064431,Basic,0,2019-04-01
789,CUST_66,2023-10-01,240.930712025101,Premium,0,2019-04-01
790,CUST_66,2023-11-01,71.8697233666063,Basic,0,2019-04-01
791,CUST_66,2023-12-01,346.300326376188,Basic,0,2019-04-01
792,CUST_67,2023-01-01,,Premium,0,2019-01-01
793,CUST_67,2023-02-01,146.845283342661,Standard,0,2019-01-01
794,CUST_67,2023-03-01,261.200829041076,Standard,0,2019-01-01
795,CUST_67,2023-04-01,26.2627837355888,Basic,0,2019-01-01
796,CUST_67,2023-05-01,469.769361039757,Basic,0,2019-01-01
797,CUST_67,2023-06-01,396.339198194116,Standard,0,2019-01-01
798,CUST_67,2023-07-01,454.525565045857,Basic,0,2019-01-01
799,CUST_67,2023-08-01,64.3848399146057,Premium,0,2019-01-01
800,CUST_67,2023-09-01,433.636168666108,Premium,0,2019-01-01
801,CUST_67,2023-10-01,488.632160970223,Standard,0,2019-01-01
802,CUST_67,2023-11-01,30.5920908339886,Premium,0,2019-01-01
803,CUST_67,2023-12-01,147.21829147974,Premium,0,2019-01-01
804,CUST_68,2023-01-01,456.277379205518,Standard,0,2019-09-01
805,CUST_68,2023-02-01,18.8232122442227,Basic,0,2019-09-01
806,CUST_68,2023-03-01,159.328036739205,Standard,0,2019-09-01
807,CUST_68,2023-04-01,437.649381387403,Standard,0,2019-09-01
808,CUST_68,2023-05-01,274.942253556006,Premium,0,2019-09-01
809,CUST_68,2023-06-01,16.0779777758842,Basic,0,2019-09-01
810,CUST_68,2023-07-01,303.195167305902,Premium,0,2019-09-01
811,CUST_68,2023-08-01,374.164667378486,Basic,0,2019-09-01
812,CUST_68,2023-09-01,427.609298451679,Standard,0,2019-09-01
813,CUST_68,2023-10-01,447.22822408843,Premium,0,2019-09-01
814,CUST_68,2023-11-01,127.359983255674,Standard,1,2019-09-01
815,CUST_68,2023-12-01,295.57534919091,Premium,1,2019-09-01
816,CUST_69,2023-01-01,429.291085980394,Basic,0,2022-03-01
817,CUST_69,2023-02-01,417.373022048998,Premium,0,2022-03-01
818,CUST_69,2023-03-01,55.99006956344449,Basic,0,2022-03-01
819,CUST_69,2023-04-01,416.35053166521,Premium,0,2022-03-01
820,CUST_69,2023-05-01,263.54871235997,Basic,0,2022-03-01
821,CUST_69,2023-06-01,222.952020820769,Standard,0,2022-03-01
822,CUST_69,2023-07-01,447.336412077875,Basic,0,2022-03-01
823,CUST_69,2023-08-01,319.340701015074,Premium,0,2022-03-01
824,CUST_69,2023-09-01,126.342399503655,Standard,0,2022-03-01
825,CUST_69,2023-10-01,198.410550545958,Basic,0,2022-03-01
826,CUST_69,2023-11-01,475.76021576724,Premium,0,2022-03-01
827,CUST_69,2023-12-01,258.070369152649,Standard,0,2022-03-01
828,CUST_70,2023-01-01,134.651874612505,Basic,0,2021-09-01
829,CUST_70,2023-02-01,32.367885296168,Standard,0,2021-09-01
830,CUST_70,2023-03-01,486.051018541515,Standard,0,2021-09-01
831,CUST_70,2023-04-01,106.087879241813,Basic,0,2021-09-01
832,CUST_70,2023-05-01,111.426363434829,Premium,1,2021-09-01
833,CUST_70,2023-06-01,13.7553759981204,Basic,1,2021-09-01
834,CUST_70,2023-07-01,27.9934676254024,Premium,1,2021-09-01
835,CUST_70,2023-08-01,176.041718175988,Standard,1,2021-09-01
836,CUST_70,2023-09-01,290.303835250957,Basic,1,2021-09-01
837,CUST_70,2023-10-01,153.80952337198,Standard,1,2021-09-01
838,CUST_70,2023-11-01,204.537370206224,Standard,1,2021-09-01
839,CUST_70,2023-12-01,312.362592897723,Basic,1,2021-09-01
840,CUST_71,2023-01-01,179.159339972829,Basic,0,2019-09-01
841,CUST_71,2023-02-01,251.837824366658,Basic,0,2019-09-01
842,CUST_71,2023-03-01,74.429668750011,Standard,0,2019-09-01
843,CUST_71,2023-04-01,216.695807484027,Premium,0,2019-09-01
844,CUST_71,2023-05-01,359.87599578876,Basic,0,2019-09-01
845,CUST_71,2023-06-01,413.657288268434,Standard,0,2019-09-01
846,CUST_71,2023-07-01,10.7669015438217,Premium,0,2019-09-01
847,CUST_71,2023-08-01,136.227537963524,Basic,0,2019-09-01
848,CUST_71,2023-09-01,346.429057611377,Standard,0,2019-09-01
849,CUST_71,2023-10-01,233.555889388216,Basic,0,2019-09-01
850,CUST_71,2023-11-01,215.284417191863,Standard,0,2019-09-01
851,CUST_71,2023-12-01,49.2882069001327,Basic,0,2019-09-01
852,CUST_72,2023-01-01,337.600596894228,Basic,0,2022-10-01
853,CUST_72,2023-02-01,300.893787692184,Premium,0,2022-10-01
854,CUST_72,2023-03-01,457.510604312356,Basic,0,2022-10-01
855,CUST_72,2023-04-01,364.746797178386,Basic,0,2022-10-01
856,CUST_72,2023-05-01,42.5574837343297,Standard,0,2022-10-01
857,CUST_72,2023-06-01,15.736239258143,Basic,0,2022-10-01
858,CUST_72,2023-07-01,248.140241960825,Premium,1,2022-10-01
859,CUST_72,2023-08-01,70.2716146106354,Standard,1,2022-10-01
860,CUST_72,2023-09-01,178.152003054603,Basic,1,2022-10-01
861,CUST_72,2023-10-01,329.62290781005,Premium,1,2022-10-01
862,CUST_72,2023-11-01,349.32148506792,Premium,1,2022-10-01
863,CUST_72,2023-12-01,339.753644973272,Standard,1,2022-10-01
864,CUST_73,2023-01-01,160.093614401324,Basic,0,2020-11-01
865,CUST_73,2023-02-01,401.20636685399296,Premium,0,2020-11-01
866,CUST_73,2023-03-01,459.151265562192,Standard,0,2020-11-01
867,CUST_73,2023-04-01,295.277385831116,Basic,0,2020-11-01
868,CUST_73,2023-05-01,355.737072695474,Basic,0,2020-11-01
869,CUST_73,2023-06-01,91.7614988323889,Standard,0,2020-11-01
870,CUST_73,2023-07-01,446.147547240066,Standard,0,2020-11-01
871,CUST_73,2023-08-01,22.4694023538179,Standard,0,2020-11-01
872,CUST_73,2023-09-01,176.896041624833,Basic,0,2020-11-01
873,CUST_73,2023-10-01,162.496572581063,Standard,0,2020-11-01
874,CUST_73,2023-11-01,188.650926816795,Basic,0,2020-11-01
875,CUST_73,2023-12-01,232.460794386096,Premium,0,2020-11-01
876,CUST_74,2023-01-01,247.938952833105,Basic,0,2020-07-01
877,CUST_74,2023-02-01,482.368529487674,Standard,1,2020-07-01
878,CUST_74,2023-03-01,25.1683375504783,Standard,1,2020-07-01
879,CUST_74,2023-04-01,88.4122188669651,Basic,1,2020-07-01
880,CUST_74,2023-05-01,380.5446708355871,Standard,1,2020-07-01
881,CUST_74,2023-06-01,151.729938266601,Basic,1,2020-07-01
882,CUST_74,2023-07-01,66.9080904982576,Basic,1,2020-07-01
883,CUST_74,2023-08-01,163.843691514903,Premium,1,2020-07-01
884,CUST_74,2023-09-01,305.442009474936,Standard,1,2020-07-01
885,CUST_74,2023-10-01,492.166449973128,Standard,1,2020-07-01
886,CUST_74,2023-11-01,480.95638784972095,Premium,1,2020-07-01
887,CUST_74,2023-12-01,198.900833321092,Basic,1,2020-07-01
888,CUST_75,2023-01-01,275.289727600317,Basic,0,2019-04-01
889,CUST_75,2023-02-01,275.435358080902,Basic,0,2019-04-01
890,CUST_75,2023-03-01,225.816261653088,Premium,0,2019-04-01
891,CUST_75,2023-04-01,105.365679985387,Basic,0,2019-04-01
892,CUST_75,2023-05-01,142.421369144084,Premium,0,2019-04-01
893,CUST_75,2023-06-01,180.165749124949,Standard,0,2019-04-01
894,CUST_75,2023-07-01,227.581437109079,Basic,0,2019-04-01
895,CUST_75,2023-08-01,206.871612320619,Standard,0,2019-04-01
896,CUST_75,2023-09-01,315.468919498126,Basic,0,2019-04-01
897,CUST_75,2023-10-01,108.642932832992,Premium,1,2019-04-01
898,CUST_75,2023-11-01,243.017558368545,Premium,1,2019-04-01
899,CUST_75,2023-12-01,121.597370690573,Premium,1,2019-04-01
900,CUST_76,2023-01-01,455.632759359249,Basic,0,2022-07-01
901,CUST_76,2023-02-01,436.284888227366,Standard,0,2022-07-01
902,CUST_76,2023-03-01,71.1621988437557,Basic,0,2022-07-01
903,CUST_76,2023-04-01,439.77438469891297,Premium,0,2022-07-01
904,CUST_76,2023-05-01,236.711046482043,Basic,0,2022-07-01
905,CUST_76,2023-06-01,433.138286032127,Premium,0,2022-07-01
906,CUST_76,2023-07-01,150.033942207676,Standard,0,2022-07-01
907,CUST_76,2023-08-01,199.404848343284,Basic,0,2022-07-01
908,CUST_76,2023-09-01,292.866724324234,Premium,0,2022-07-01
909,CUST_76,2023-10-01,209.71626220117,Standard,0,2022-07-01
910,CUST_76,2023-11-01,291.029186213231,Basic,0,2022-07-01
911,CUST_76,2023-12-01,63.5394630517145,Premium,0,2022-07-01
912,CUST_77,2023-01-01,425.01473856146,Basic,0,2021-04-01
913,CUST_77,2023-02-01,442.89773386317,Standard,0,2021-04-01
914,CUST_77,2023-03-01,317.030330435673,Premium,1,2021-04-01
915,CUST_77,2023-04-01,243.65329947573,Premium,1,2021-04-01
916,CUST_77,2023-05-01,364.126409272132,Basic,1,2021-04-01
917,CUST_77,2023-06-01,75.8732134099797,Basic,1,2021-04-01
918,CUST_77,2023-07-01,185.770607454337,Premium,1,2021-04-01
919,CUST_77,2023-08-01,146.592337483131,Premium,1,2021-04-01
920,CUST_77,2023-09-01,479.14952932866703,Basic,1,2021-04-01
921,CUST_77,2023-10-01,498.932219284169,Basic,1,2021-04-01
922,CUST_77,2023-11-01,415.949956730067,Basic,1,2021-04-01
923,CUST_77,2023-12-01,17.0144860568594,Standard,1,2021-04-01
924,CUST_78,2023-01-01,418.730852530331,Basic,0,2020-07-01
925,CUST_78,2023-02-01,379.1796819059151,Premium,0,2020-07-01
926,CUST_78,2023-03-01,385.396807069837,Basic,0,2020-07-01
927,CUST_78,2023-04-01,53.4163098451427,Standard,0,2020-07-01
928,CUST_78,2023-05-01,209.696085205891,Basic,0,2020-07-01
929,CUST_78,2023-06-01,180.922061645045,Standard,0,2020-07-01
930,CUST_78,2023-07-01,474.3671327225911,Standard,0,2020-07-01
931,CUST_78,2023-08-01,266.062533675005,Standard,0,2020-07-01
932,CUST_78,2023-09-01,255.305891354505,Basic,0,2020-07-01
933,CUST_78,2023-10-01,34.6107456173472,Basic,0,2020-07-01
934,CUST_78,2023-11-01,154.692342083492,Basic,0,2020-07-01
935,CUST_78,2023-12-01,403.70654421547295,Basic,0,2020-07-01
936,CUST_79,2023-01-01,453.994391044924,Standard,0,2019-02-01
937,CUST_79,2023-02-01,120.75420892984,Premium,0,2019-02-01
938,CUST_79,2023-03-01,305.711617061256,Standard,0,2019-02-01
939,CUST_79,2023-04-01,70.2311324480399,Premium,0,2019-02-01
940,CUST_79,2023-05-01,230.181373599425,Basic,0,2019-02-01
941,CUST_79,2023-06-01,45.1701450509914,Standard,0,2019-02-01
942,CUST_79,2023-07-01,359.836789928229,Premium,0,2019-02-01
943,CUST_79,2023-08-01,280.725474029866,Premium,0,2019-02-01
944,CUST_79,2023-09-01,389.919613697536,Standard,0,2019-02-01
945,CUST_79,2023-10-01,149.294305534483,Premium,0,2019-02-01
946,CUST_79,2023-11-01,36.6226970632229,Premium,0,2019-02-01
947,CUST_79,2023-12-01,10.0659995721978,Premium,1,2019-02-01
948,CUST_80,2023-01-01,145.323083332241,,0,2021-12-01
949,CUST_80,2023-02-01,421.27586125444094,Basic,0,2021-12-01
950,CUST_80,2023-03-01,373.042987514515,Standard,0,2021-12-01
951,CUST_80,2023-04-01,186.51462021221,Basic,0,2021-12-01
952,CUST_80,2023-05-01,163.54047961672,Standard,0,2021-12-01
953,CUST_80,2023-06-01,222.570535592499,Premium,0,2021-12-01
954,CUST_80,2023-07-01,482.398424080153,Basic,0,2021-12-01
955,CUST_80,2023-08-01,251.968879823895,Basic,0,2021-12-01
956,CUST_80,2023-09-01,354.889974900822,Premium,0,2021-12-01
957,CUST_80,2023-10-01,359.392564810816,Premium,0,2021-12-01
958,CUST_80,2023-11-01,382.908517222884,Standard,0,2021-12-01
959,CUST_80,2023-12-01,156.045582233327,Standard,0,2021-12-01
960,CUST_81,2023-01-01,325.633118523199,Basic,0,2020-03-01
961,CUST_81,2023-02-01,478.8319095873,Basic,0,2020-03-01
962,CUST_81,2023-03-01,234.272806528054,Basic,0,2020-03-01
963,CUST_81,2023-04-01,191.208495433717,Standard,0,2020-03-01
964,CUST_81,2023-05-01,214.087171632901,Standard,0,2020-03-01
965,CUST_81,2023-06-01,113.877086802342,Standard,0,2020-03-01
966,CUST_81,2023-07-01,441.276801581528,Standard,0,2020-03-01
967,CUST_81,2023-08-01,,Premium,0,2020-03-01
968,CUST_81,2023-09-01,329.303482633866,Standard,0,2020-03-01
969,CUST_81,2023-10-01,325.967975970934,Standard,0,2020-03-01
970,CUST_81,2023-11-01,107.615484698086,Premium,0,2020-03-01
971,CUST_81,2023-12-01,190.215134000515,Premium,0,2020-03-01
972,CUST_82,2023-01-01,262.772332329041,Basic,0,2021-10-01
973,CUST_82,2023-02-01,17.1997604409274,Premium,0,2021-10-01
974,CUST_82,2023-03-01,19.4705391496245,Basic,0,2021-10-01
975,CUST_82,2023-04-01,251.503646379249,Basic,0,2021-10-01
976,CUST_82,2023-05-01,301.614520703784,Standard,0,2021-10-01
977,CUST_82,2023-06-01,482.114628034918,Standard,0,2021-10-01
978,CUST_82,2023-07-01,162.813290379273,Standard,0,2021-10-01
979,CUST_82,2023-08-01,265.435063350528,Standard,0,2021-10-01
980,CUST_82,2023-09-01,18.3043557958947,Standard,0,2021-10-01
981,CUST_82,2023-10-01,68.9015422690824,Basic,1,2021-10-01
982,CUST_82,2023-11-01,153.721219282477,Standard,1,2021-10-01
983,CUST_82,2023-12-01,263.800658579164,Basic,1,2021-10-01
984,CUST_83,2023-01-01,192.152254504102,Basic,0,2018-07-01
985,CUST_83,2023-02-01,326.764783402586,Premium,0,2018-07-01
986,CUST_83,2023-03-01,21.5615326763093,Premium,0,2018-07-01
987,CUST_83,2023-04-01,392.38430054978,Standard,0,2018-07-01
988,CUST_83,2023-05-01,158.428707128264,Basic,0,2018-07-01
989,CUST_83,2023-06-01,130.835781139232,Standard,0,2018-07-01
990,CUST_83,2023-07-01,242.166815914994,Standard,0,2018-07-01
991,CUST_83,2023-08-01,471.934916356115,Standard,0,2018-07-01
992,CUST_83,2023-09-01,276.796343072129,Premium,0,2018-07-01
993,CUST_83,2023-10-01,189.183566648072,Basic,0,2018-07-01
994,CUST_83,2023-11-01,78.9934449574113,Basic,0,2018-07-01
995,CUST_83,2023-12-01,293.366215715977,Standard,0,2018-07-01
996,CUST_84,2023-01-01,321.617806510227,Basic,0,2023-01-01
997,CUST_84,2023-02-01,137.353439828988,Basic,0,2023-01-01
998,CUST_84,2023-03-01,152.347207778996,Standard,0,2023-01-01
999,CUST_84,2023-04-01,356.783461631088,Standard,0,2023-01-01
1000,CUST_84,2023-05-01,13.8423794782392,Basic,0,2023-01-01
1001,CUST_84,2023-06-01,75.794676942115,Basic,0,2023-01-01
1002,CUST_84,2023-07-01,128.527714115316,Standard,0,2023-01-01
1003,CUST_84,2023-08-01,47.3572168070466,Premium,0,2023-01-01
1004,CUST_84,2023-09-01,235.235786497304,Premium,0,2023-01-01
1005,CUST_84,2023-10-01,31.5109718950725,Standard,0,2023-01-01
1006,CUST_84,2023-11-01,112.500878049885,Premium,0,2023-01-01
1007,CUST_84,2023-12-01,490.78433929041694,Premium,0,2023-01-01
1008,CUST_85,2023-01-01,128.568793855352,Standard,0,2019-10-01
1009,CUST_85,2023-02-01,476.200607077298,Premium,0,2019-10-01
1010,CUST_85,2023-03-01,490.76042857799297,Basic,0,2019-10-01
1011,CUST_85,2023-04-01,224.127983976154,Basic,0,2019-10-01
1012,CUST_85,2023-05-01,314.948199662451,Premium,0,2019-10-01
1013,CUST_85,2023-06-01,398.371606981308,Standard,0,2019-10-01
1014,CUST_85,2023-07-01,480.466446158669,Premium,0,2019-10-01
1015,CUST_85,2023-08-01,381.08200149587503,Basic,0,2019-10-01
1016,CUST_85,2023-09-01,361.982275932282,Basic,0,2019-10-01
1017,CUST_85,2023-10-01,336.634234732843,Premium,0,2019-10-01
1018,CUST_85,2023-11-01,388.097186379518,Basic,1,2019-10-01
1019,CUST_85,2023-12-01,14.4288498488532,Premium,1,2019-10-01
1020,CUST_86,2023-01-01,463.835093531573,Basic,0,2022-02-01
1021,CUST_86,2023-02-01,118.817176639727,Basic,0,2022-02-01
1022,CUST_86,2023-03-01,367.142106712274,Standard,0,2022-02-01
1023,CUST_86,2023-04-01,24.2931841861796,Basic,0,2022-02-01
1024,CUST_86,2023-05-01,68.0662855630943,Standard,0,2022-02-01
1025,CUST_86,2023-06-01,460.570202081464,Basic,1,2022-02-01
1026,CUST_86,2023-07-01,382.893882512742,Standard,1,2022-02-01
1027,CUST_86,2023-08-01,202.304511252445,Standard,1,2022-02-01
1028,CUST_86,2023-09-01,460.02895175125,Premium,1,2022-02-01
1029,CUST_86,2023-10-01,292.790067158777,Premium,1,2022-02-01
1030,CUST_86,2023-11-01,395.899052070802,Premium,1,2022-02-01
1031,CUST_86,2023-12-01,286.396274128424,Basic,1,2022-02-01
1032,CUST_87,2023-01-01,331.749226116859,Basic,0,2022-04-01
1033,CUST_87,2023-02-01,459.937152470964,Standard,0,2022-04-01
1034,CUST_87,2023-03-01,118.217863651874,Standard,1,2022-04-01
1035,CUST_87,2023-04-01,95.8586683318554,Premium,1,2022-04-01
1036,CUST_87,2023-05-01,148.414584548743,Basic,1,2022-04-01
1037,CUST_87,2023-06-01,294.994923564705,Basic,1,2022-04-01
1038,CUST_87,2023-07-01,294.243528988033,Standard,1,2022-04-01
1039,CUST_87,2023-08-01,381.80036434108894,Standard,1,2022-04-01
1040,CUST_87,2023-09-01,182.994691884148,Basic,1,2022-04-01
1041,CUST_87,2023-10-01,473.763691443699,Premium,1,2022-04-01
1042,CUST_87,2023-11-01,215.529517039084,Premium,1,2022-04-01
1043,CUST_87,2023-12-01,243.404509317538,Premium,1,2022-04-01
1044,CUST_88,2023-01-01,110.293253438069,Basic,0,2018-09-01
1045,CUST_88,2023-02-01,172.466702542925,Premium,0,2018-09-01
1046,CUST_88,2023-03-01,44.8675597349821,Basic,0,2018-09-01
1047,CUST_88,2023-04-01,258.391014601299,Premium,0,2018-09-01
1048,CUST_88,2023-05-01,419.554704676153,Standard,0,2018-09-01
1049,CUST_88,2023-06-01,387.850179767424,Premium,0,2018-09-01
1050,CUST_88,2023-07-01,439.182710923358,Basic,0,2018-09-01
1051,CUST_88,2023-08-01,218.36181086447,Standard,0,2018-09-01
1052,CUST_88,2023-09-01,385.117907752772,Basic,0,2018-09-01
1053,CUST_88,2023-10-01,266.029988731938,Standard,0,2018-09-01
1054,CUST_88,2023-11-01,120.801412312339,Standard,0,2018-09-01
1055,CUST_88,2023-12-01,122.904164437501,Premium,0,2018-09-01
1056,CUST_89,2023-01-01,483.75429490165,Basic,0,2020-09-01
1057,CUST_89,2023-02-01,373.52920020977,Basic,0,2020-09-01
1058,CUST_89,2023-03-01,158.43614376381,Standard,0,2020-09-01
1059,CUST_89,2023-04-01,410.221938587762,Basic,0,2020-09-01
1060,CUST_89,2023-05-01,451.950696407084,Premium,0,2020-09-01
1061,CUST_89,2023-06-01,379.58164724422,Premium,0,2020-09-01
1062,CUST_89,2023-07-01,333.896984581187,Basic,0,2020-09-01
1063,CUST_89,2023-08-01,357.567205951579,Premium,0,2020-09-01
1064,CUST_89,2023-09-01,296.048662451915,Premium,1,2020-09-01
1065,CUST_89,2023-10-01,140.009807402179,Premium,1,2020-09-01
1066,CUST_89,2023-11-01,155.314356980906,Premium,1,2020-09-01
1067,CUST_89,2023-12-01,381.912588435746,Premium,1,2020-09-01
1068,CUST_90,2023-01-01,261.788687461316,Premium,0,2022-11-01
1069,CUST_90,2023-02-01,467.133182659139,Standard,0,2022-11-01
1070,CUST_90,2023-03-01,360.020051510149,Premium,0,2022-11-01
1071,CUST_90,2023-04-01,350.35175935411,Basic,0,2022-11-01
1072,CUST_90,2023-05-01,144.295078777674,Basic,0,2022-11-01
1073,CUST_90,2023-06-01,179.217556599995,Premium,0,2022-11-01
1074,CUST_90,2023-07-01,429.703239636484,Basic,0,2022-11-01
1075,CUST_90,2023-08-01,285.41566925726,Basic,0,2022-11-01
1076,CUST_90,2023-09-01,196.453677836248,Standard,0,2022-11-01
1077,CUST_90,2023-10-01,369.87752671704,Basic,1,2022-11-01
1078,CUST_90,2023-11-01,421.108690581825,Standard,1,2022-11-01
1079,CUST_90,2023-12-01,354.812892018235,Premium,1,2022-11-01
1080,CUST_91,2023-01-01,224.45405079262,Standard,0,2019-05-01
1081,CUST_91,2023-02-01,410.39278958763697,Premium,0,2019-05-01
1082,CUST_91,2023-03-01,35.3176736124009,Premium,0,2019-05-01
1083,CUST_91,2023-04-01,432.693830863098,Standard,0,2019-05-01
1084,CUST_91,2023-05-01,280.826467102087,Basic,0,2019-05-01
1085,CUST_91,2023-06-01,433.994921865367,Premium,0,2019-05-01
1086,CUST_91,2023-07-01,152.122310661594,Premium,0,2019-05-01
1087,CUST_91,2023-08-01,400.373884623772,Premium,0,2019-05-01
1088,CUST_91,2023-09-01,290.155531740437,Standard,0,2019-05-01
1089,CUST_91,2023-10-01,15.9568180239195,Basic,0,2019-05-01
1090,CUST_91,2023-11-01,278.940745887904,Basic,0,2019-05-01
1091,CUST_91,2023-12-01,182.949666691655,Premium,0,2019-05-01
1092,CUST_92,2023-01-01,369.022534789237,Premium,0,2022-12-01
1093,CUST_92,2023-02-01,394.04232281721295,Premium,0,2022-12-01
1094,CUST_92,2023-03-01,345.867502778732,Premium,0,2022-12-01
1095,CUST_92,2023-04-01,193.221313036279,Premium,0,2022-12-01
1096,CUST_92,2023-05-01,339.024782846931,Premium,0,2022-12-01
1097,CUST_92,2023-06-01,214.983593410117,Standard,0,2022-12-01
1098,CUST_92,2023-07-01,146.147860283959,Standard,0,2022-12-01
1099,CUST_92,2023-08-01,490.380683061671,Standard,0,2022-12-01
1100,CUST_92,2023-09-01,97.8886941859831,Standard,0,2022-12-01
1101,CUST_92,2023-10-01,207.76449115718,Basic,0,2022-12-01
1102,CUST_92,2023-11-01,217.137032078027,Premium,0,2022-12-01
1103,CUST_92,2023-12-01,139.495368947733,Standard,0,2022-12-01
1104,CUST_93,2023-01-01,141.581540473128,Premium,0,2021-03-01
1105,CUST_93,2023-02-01,484.58329253294704,Basic,0,2021-03-01
1106,CUST_93,2023-03-01,47.0359707884928,Basic,0,2021-03-01
1107,CUST_93,2023-04-01,55.112823180413,Standard,0,2021-03-01
1108,CUST_93,2023-05-01,327.767361858157,Premium,1,2021-03-01
1109,CUST_93,2023-06-01,482.857531032691,Premium,1,2021-03-01
1110,CUST_93,2023-07-01,341.252881145748,Premium,1,2021-03-01
1111,CUST_93,2023-08-01,308.903634368948,Basic,1,2021-03-01
1112,CUST_93,2023-09-01,142.837164344392,Premium,1,2021-03-01
1113,CUST_93,2023-10-01,434.38686046972896,Standard,1,2021-03-01
1114,CUST_93,2023-11-01,61.8938441578412,Premium,1,2021-03-01
1115,CUST_93,2023-12-01,472.92076680370894,Premium,1,2021-03-01
1116,CUST_94,2023-01-01,442.66697416658894,Basic,0,2020-06-01
1117,CUST_94,2023-02-01,353.558401264562,Premium,0,2020-06-01
1118,CUST_94,2023-03-01,17.5434969287412,Standard,0,2020-06-01
1119,CUST_94,2023-04-01,230.624580610016,Premium,0,2020-06-01
1120,CUST_94,2023-05-01,421.502787265569,Basic,0,2020-06-01
1121,CUST_94,2023-06-01,488.733407675082,Basic,1,2020-06-01
1122,CUST_94,2023-07-01,222.455568389981,Premium,1,2020-06-01
1123,CUST_94,2023-08-01,376.70833134135296,Standard,1,2020-06-01
1124,CUST_94,2023-09-01,222.670276627292,Premium,1,2020-06-01
1125,CUST_94,2023-10-01,222.857626313239,Standard,1,2020-06-01
1126,CUST_94,2023-11-01,14.4365391743818,Standard,1,2020-06-01
1127,CUST_94,2023-12-01,310.512925594816,Basic,1,2020-06-01
1128,CUST_95,2023-01-01,128.59081919063,Standard,0,2020-06-01
1129,CUST_95,2023-02-01,107.642464868732,Basic,0,2020-06-01
1130,CUST_95,2023-03-01,16.7353214655592,Premium,0,2020-06-01
1131,CUST_95,2023-04-01,142.695100738117,Basic,0,2020-06-01
1132,CUST_95,2023-05-01,234.880853132442,Standard,0,2020-06-01
1133,CUST_95,2023-06-01,339.707117613059,Basic,0,2020-06-01
1134,CUST_95,2023-07-01,420.860998583082,Basic,0,2020-06-01
1135,CUST_95,2023-08-01,467.02814898505295,Standard,0,2020-06-01
1136,CUST_95,2023-09-01,312.223967847745,Premium,0,2020-06-01
1137,CUST_95,2023-10-01,265.510021841771,Basic,0,2020-06-01
1138,CUST_95,2023-11-01,461.175638147045,Basic,0,2020-06-01
1139,CUST_95,2023-12-01,141.738222047275,Basic,0,2020-06-01
1140,CUST_96,2023-01-01,336.56689328815,Premium,0,2022-02-01
1141,CUST_96,2023-02-01,318.821137533517,Premium,0,2022-02-01
1142,CUST_96,2023-03-01,219.524653514635,Basic,0,2022-02-01
1143,CUST_96,2023-04-01,468.777504519774,Standard,0,2022-02-01
1144,CUST_96,2023-05-01,153.267724101975,Premium,1,2022-02-01
1145,CUST_96,2023-06-01,157.512578138813,Premium,1,2022-02-01
1146,CUST_96,2023-07-01,37.5262779002451,Basic,1,2022-02-01
1147,CUST_96,2023-08-01,464.284208140629,Basic,1,2022-02-01
1148,CUST_96,2023-09-01,384.57595675699696,Premium,1,2022-02-01
1149,CUST_96,2023-10-01,331.035120116926,Premium,1,2022-02-01
1150,CUST_96,2023-11-01,88.1512086452656,Premium,1,2022-02-01
1151,CUST_96,2023-12-01,44.5410533651409,Standard,1,2022-02-01
1152,CUST_97,2023-01-01,335.467498644594,Standard,0,2020-11-01
1153,CUST_97,2023-02-01,345.715811838497,Basic,0,2020-11-01
1154,CUST_97,2023-03-01,161.80536890801,Basic,0,2020-11-01
1155,CUST_97,2023-04-01,272.42136929104,Basic,0,2020-11-01
1156,CUST_97,2023-05-01,415.99224297398,Standard,0,2020-11-01
1157,CUST_97,2023-06-01,457.75633749789694,Basic,0,2020-11-01
1158,CUST_97,2023-07-01,183.668224908597,Basic,0,2020-11-01
1159,CUST_97,2023-08-01,439.396522239733,Basic,0,2020-11-01
1160,CUST_97,2023-09-01,281.151882977388,Standard,0,2020-11-01
1161,CUST_97,2023-10-01,430.820217872396,Premium,0,2020-11-01
1162,CUST_97,2023-11-01,430.794496881241,Basic,0,2020-11-01
1163,CUST_97,2023-12-01,309.167909957558,Premium,0,2020-11-01
1164,CUST_98,2023-01-01,97.8340953122476,Basic,0,2018-08-01
1165,CUST_98,2023-02-01,67.6001370736078,Premium,1,2018-08-01
1166,CUST_98,2023-03-01,362.18241274823,Standard,1,2018-08-01
1167,CUST_98,2023-04-01,262.317341457497,Basic,1,2018-08-01
1168,CUST_98,2023-05-01,50.941625380238,Standard,1,2018-08-01
1169,CUST_98,2023-06-01,91.2166067129581,Standard,1,2018-08-01
1170,CUST_98,2023-07-01,128.353052433824,Basic,1,2018-08-01
1171,CUST_98,2023-08-01,61.6192873958533,Basic,1,2018-08-01
1172,CUST_98,2023-09-01,264.420039682301,Standard,1,2018-08-01
1173,CUST_98,2023-10-01,130.222633941443,Premium,1,2018-08-01
1174,CUST_98,2023-11-01,201.606105872425,Premium,1,2018-08-01
1175,CUST_98,2023-12-01,117.581422382603,Basic,1,2018-08-01
1176,CUST_99,2023-01-01,311.987238103605,Standard,0,2020-04-01
1177,CUST_99,2023-02-01,220.182723380771,Premium,0,2020-04-01
1178,CUST_99,2023-03-01,354.051587129096,Basic,0,2020-04-01
1179,CUST_99,2023-04-01,211.85946656671,Premium,0,2020-04-01
1180,CUST_99,2023-05-01,270.926992543831,Standard,0,2020-04-01
1181,CUST_99,2023-06-01,67.4299137833144,Basic,0,2020-04-01
1182,CUST_99,2023-07-01,349.116087041941,Standard,0,2020-04-01
1183,CUST_99,2023-08-01,448.880641033202,Basic,0,2020-04-01
1184,CUST_99,2023-09-01,215.443113971351,Standard,0,2020-04-01
1185,CUST_99,2023-10-01,43.8324940941539,Basic,0,2020-04-01
1186,CUST_99,2023-11-01,317.928963741148,Basic,0,2020-04-01
1187,CUST_99,2023-12-01,14.8896005626402,Standard,0,2020-04-01
1188,CUST_100,2023-01-01,419.697674571552,Standard,0,2021-07-01
1189,CUST_100,2023-02-01,247.696383389975,Standard,0,2021-07-01
1190,CUST_100,2023-03-01,231.134115384335,Standard,0,2021-07-01
1191,CUST_100,2023-04-01,442.45433961845,Premium,0,2021-07-01
1192,CUST_100,2023-05-01,200.034784059296,Standard,0,2021-07-01
1193,CUST_100,2023-06-01,109.701643823822,Basic,0,2021-07-01
1194,CUST_100,2023-07-01,200.808420099649,Basic,0,2021-07-01
1195,CUST_100,2023-08-01,42.6167166779692,Premium,0,2021-07-01
1196,CUST_100,2023-09-01,193.979774948585,Premium,0,2021-07-01
1197,CUST_100,2023-10-01,498.619353412446,Premium,0,2021-07-01
1198,CUST_100,2023-11-01,117.854549693329,Premium,0,2021-07-01
1199,CUST_100,2023-12-01,43.6697020847409,Standard,0,2021-07-01
